NDB_NO,Description,Protein(g)Per 100 g,Total lipid (fat)(g)Per 100 g,"Carbohydrate, by difference(g)Per 100 g",Weight(g),Measure,Protein per measure,Fat per measure,Carbohydrate per measure
14058,"Beverages, Whey protein powder isolate",58.14,1.16,29.07,86,3.0 scoop,50,1,25
19408,"Snacks, pork skins, barbecue-flavor",57.9,31.8,1.6,28.35,1.0 oz,16.41,9.02,0.45
14067,"Beverages, Protein powder soy based",55.56,5.56,28.89,45,1.0 scoop,25,2.5,13
1144,"Egg substitute, powder",55.5,13,21.8,9.9,0.35 oz,5.49,1.29,2.16
12033,"Seeds, sesame flour, low-fat",50.14,1.75,35.51,28.35,1.0 oz,14.21,0.5,10.07
1185,"Parmesan cheese topping, fat free",40,5,--,5,1.0 tablespoon,2,0.25,--
1091,"Milk, dry, nonfat, regular, without added vitamin A and vitamin D",36.16,0.77,51.98,30,0.25 cup,10.85,0.23,15.59
12022,"Seeds, safflower seed meal, partially defatted",35.62,2.39,48.73,28.35,1.0 oz,10.1,0.68,13.81
1093,"Milk, dry, nonfat, calcium reduced",35.5,0.2,51.8,28.35,1.0 oz,10.06,0.06,14.69
13899,"Beef, round, top round, separable lean and fat, trimmed to 1/8"" fat, select, cooked, braised",34.6,8.54,0,85,3.0 oz,29.41,7.26,0
1094,"Milk, buttermilk, dried",34.3,5.78,49,30,0.25 cup,10.29,1.73,14.7
17333,"Game meat, bison, chuck, shoulder clod, separable lean only, cooked, braised",33.78,5.43,0,85,1.0 serving ( 3 oz ),28.71,4.62,0
13228,"Beef, shank crosscuts, separable lean only, trimmed to 1/4"" fat, choice, cooked, simmered",33.68,6.36,0,85,3.0 oz,28.63,5.41,0
13950,"Beef, brisket, flat half, separable lean and fat, trimmed to 0"" fat, select, cooked, braised",33.59,6.77,0,85,3.0 oz,28.55,5.75,0
17277,"Veal, shank (fore and hind), separable lean and fat, cooked, braised",31.54,6.2,0,85,3.0 oz,26.81,5.27,0
17348,"Game meat, deer, top round, separable lean only, 1"" steak, cooked, broiled",31.47,1.92,0,102,1.0 steak ( yield from 134.9 g raw meat ),32.1,1.96,0
13902,"Beef, round, top round, steak, separable lean and fat, trimmed to 1/8"" fat, prime, cooked, broiled",31.27,10.1,0,85,3.0 oz,26.58,8.59,0
7278,Hormel Pillow Pak Sliced Turkey Pepperoni,30.99,11.52,3.78,30,1.0 serving,9.3,3.46,1.13
17341,"Game meat, elk, round, separable lean only, cooked, broiled",30.94,2.64,0,85,1.0 serving ( 3 oz ),26.3,2.24,0
13896,"Beef, round, top round, steak, separable lean and fat, trimmed to 1/8"" fat, choice, cooked, broiled",30.7,10.27,0,85,3.0 oz,26.09,8.73,0
10976,"Pork, ground, 96% lean / 4% fat, cooked, crumbles",30.55,7.15,0,85,3.0 oz grilled patties,25.97,6.08,0
5024,"Chicken, gizzard, all classes, cooked, simmered",30.39,2.68,0,145,1.0 cup chopped or dice,44.07,3.89,0
17275,"Veal, breast, whole, boneless, separable lean only, cooked, braised",30.32,9.8,0,85,3.0 oz,25.77,8.33,0
13455,"Beef, top sirloin, steak, separable lean only, trimmed to 0"" fat, choice, cooked, broiled",30.29,6.55,0,85,3.0 oz,25.75,5.57,0
17345,"Game meat, deer, loin, separable lean only, 1"" steak, cooked, broiled",30.2,2.38,0,54,1.0 steak,16.31,1.29,0
17336,"Game meat, bison, top round, separable lean only, 1"" steak, cooked, broiled",30.18,4.96,0,85,1.0 serving ( 3 oz ),25.65,4.22,0
5220,"Turkey, whole, breast, meat only, cooked, roasted",30.13,2.08,0,85,3.0 oz,25.61,1.77,0
13968,"Beef, round, top round steak, boneless, separable lean and fat, trimmed to 0"" fat, choice, cooked, grilled",30.12,4.62,0,85,3.0 oz,25.6,3.93,0
13959,"Beef, round, top round steak, boneless, separable lean and fat, trimmed to 0"" fat, all grades, cooked, grilled",29.96,4.28,0,85,3.0 oz,25.47,3.64,0
12516,"Seeds, pumpkin and squash seed kernels, roasted, with salt added",29.84,49.05,14.71,118,1.0 cup,35.21,57.88,17.36
17323,"Lamb, Australian, imported, fresh, shoulder, arm, separable lean and fat, trimmed to 1/8"" fat, cooked, braised",29.7,20.38,0,85,3.0 oz,25.25,17.32,0
15225,"Fish, yellowtail, mixed species, cooked, dry heat",29.67,6.72,0,146,0.5 fillet,43.32,9.81,0
17335,"Game meat, bison, ribeye, separable lean only, 1"" steak, cooked, broiled",29.45,5.67,0,85,1.0 serving ( 3 oz ),25.03,4.82,0
17265,"Lamb, New Zealand, imported, frozen, shoulder, whole (arm and blade), separable lean and fat, trimmed to 1/8"" fat, cooked, braised",29.43,24.03,0,85,3.0 oz,25.02,20.43,0
10011,"Pork, fresh, leg (ham), whole, separable lean only, cooked, roasted",29.41,9.44,0,135,"1.0 cup, diced",39.7,12.74,0
23260,"Beef, loin, top sirloin petite roast, boneless, separable lean only, trimmed to 0"" fat, select, cooked, roasted",29.35,5.25,0,85,3.0 oz,24.95,4.46,0
7921,Bacon and beef sticks,29.1,44.2,0.8,28,1.0 oz,8.15,12.38,0.22
5044,"Chicken, broilers or fryers, dark meat, meat only, cooked, fried",28.99,11.62,2.59,140,1.0 cup,40.59,16.27,3.63
5664,"Turkey, ground, fat free, patties, broiled",28.99,2.48,0,85,3.0 oz,24.64,2.11,0
17251,"Lamb, shoulder, blade, separable lean and fat, trimmed to 1/8"" fat, choice, cooked, braised",28.92,23.88,0,85,3.0 oz,24.58,20.3,0
13980,"Beef, chuck, short ribs, boneless, separable lean only, trimmed to 0"" fat, choice, cooked, braised",28.84,14.95,0,85,3.0 oz,24.51,12.71,0
10051,"Pork, fresh, loin, center rib (roasts), bone-in, separable lean only, cooked, roasted",28.82,9.21,0,85,3.0 oz,24.5,7.83,0
15207,"Fish, roe, mixed species, cooked, dry heat",28.62,8.23,1.92,28.35,1.0 oz,8.11,2.33,0.54
5072,"Chicken, broilers or fryers, drumstick, meat only, cooked, fried",28.62,8.08,0,25,1.0 unit (yield from 1 lb ready-to-cook chicken),7.16,2.02,0
5008,"Chicken, broilers or fryers, meat and skin, cooked, fried, flour",28.56,14.92,3.15,85,3.0 oz,24.28,12.68,2.68
17315,"Lamb, Australian, imported, fresh, rib chop, frenched, bone-in, separable lean and fat, trimmed to 1/8"" fat, cooked, grilled",28.48,21.2,0,85,3.0 oz,24.21,18.02,0
1032,"Cheese, parmesan, grated",28.42,27.84,13.91,100,1.0 cup,28.42,27.84,13.91
5081,"Chicken, broilers or fryers, leg, meat only, cooked, fried",28.38,9.32,0.65,56,1.0 unit (yield from 1 lb ready-to-cook chicken),15.89,5.22,0.36
15220,"Fish, tuna, skipjack, fresh, cooked, dry heat",28.21,1.29,0,85,3.0 oz,23.98,1.1,0
17332,"Game meat , bison, top sirloin, separable lean only, 1"" steak, cooked, broiled",28.05,5.65,0,85,1.0 serving ( 3 oz ),23.84,4.8,0
5194,"Turkey, all classes, leg, meat and skin, cooked, roasted",27.87,9.82,0,85,3.0 oz,23.69,8.35,0
10986,"Pork, fresh, loin, country-style ribs, separable lean only, bone-in, cooked, broiled",27.83,11.65,0,85,3.0 oz,23.66,9.9,0
17289,"Lamb, Australian, imported, fresh, foreshank, separable lean only, trimmed to 1/8"" fat, cooked, braised",27.5,5.22,0,85,3.0 oz,23.38,4.44,0
15082,"Fish, salmon, coho, wild, cooked, moist heat",27.36,7.5,0,85,3.0 oz,23.26,6.38,0
10022,"Pork, fresh, loin, whole, separable lean and fat, cooked, broiled",27.32,13.92,0,85,3.0 oz,23.22,11.83,0
17293,"Lamb, Australian, imported, fresh, leg, whole (shank and sirloin), separable lean only, trimmed to 1/8"" fat, cooked, roasted",27.31,8.1,0,85,3.0 oz,23.21,6.88,0
5184,"Turkey, whole, dark meat, meat and skin, cooked, roasted",27.27,9.95,0.07,85,3.0 oz,23.18,8.46,0.06
10069,"Pork, fresh, loin, top loin (roasts), boneless, separable lean only, cooked, roasted",27.23,6.28,0,85,3.0 oz,23.15,5.34,0
17297,"Lamb, Australian, imported, fresh, leg, shank half, separable lean only, trimmed to 1/8"" fat, cooked, roasted",27.18,7.27,0,85,3.0 oz,23.1,6.18,0
5666,"Turkey, ground, 93% lean, 7% fat, pan-broiled crumbles",27.1,11.6,0,85,3.0 oz,23.04,9.86,0
16394,"Peanuts, valencia, oil-roasted, without salt",27.04,51.24,16.3,144,1.0 cup,38.94,73.79,23.47
17257,"Lamb, New Zealand, imported, frozen, foreshank, separable lean and fat, trimmed to 1/8"" fat, cooked, braised",26.97,15.83,0,85,3.0 oz,22.92,13.46,0
17272,"Veal, breast, whole, boneless, separable lean and fat, cooked, braised",26.97,16.77,0,85,3.0 oz,22.92,14.25,0
5697,"Turkey from whole, light meat, meat only, with added solution, cooked, roasted",26.97,2.08,0,85,3.0 oz,22.92,1.77,0
1040,"Cheese, swiss",26.96,30.99,1.44,132,"1.0 cup, diced",35.59,40.91,1.9
13932,"Beef, top sirloin, steak, separable lean and fat, trimmed to 1/8"" fat, choice, cooked, broiled",26.8,15.75,0,85,3.0 oz,22.78,13.39,0
17309,"Lamb, Australian, imported, fresh, leg, center slice, bone-in, separable lean only, trimmed to 1/8"" fat, cooked, broiled",26.75,7.68,0,85,3.0 oz,22.74,6.53,0
13985,"Beef, loin, bottom sirloin butt, tri-tip roast, separable lean only, trimmed to 0"" fat, all grades, cooked, roasted",26.75,8.34,0,85,3.0 oz,22.74,7.09,0
10086,"Pork, fresh, shoulder, blade, boston (steaks), separable lean only, cooked, broiled",26.74,12.54,0,85,3.0 oz,22.73,10.66,0
17283,"Lamb, Australian, imported, fresh, composite of trimmed retail cuts, separable lean only, trimmed to 1/8"" fat, cooked",26.71,9.63,0,85,3.0 oz,22.7,8.19,0
10055,"Pork, fresh, loin, sirloin (roasts), bone-in, separable lean and fat, cooked, roasted",26.64,12.87,0,85,3.0 oz,22.64,10.94,0
17339,"Game meat, elk, ground, cooked, pan-broiled",26.64,8.74,0,95,1.0 patty ( yield from 104.1 g raw meat ),25.31,8.3,0
15219,"Fish, trout, mixed species, cooked, dry heat",26.63,8.47,0,62,1.0 fillet,16.51,5.25,0
5190,"Turkey, all classes, back, meat and skin, cooked, roasted",26.59,14.38,0.16,140,"1.0 cup, chopped or diced",37.23,20.13,0.22
15124,"Fish, tuna, white, canned in oil, drained solids",26.53,8.08,0,85,3.0 oz,22.55,6.87,0
10990,"Pork, fresh, loin, blade (roasts), boneless, separable lean and fat, cooked, roasted",26.48,10.32,0,85,3.0 oz,22.51,8.77,0
13918,"Beef, tenderloin, steak, separable lean and fat, trimmed to 1/8"" fat, all grades, cooked, broiled",26.46,17.12,0,85,3.0 oz,22.49,14.55,0
15228,"Crustaceans, spiny lobster, mixed species, cooked, moist heat",26.41,1.94,3.12,85,3.0 oz,22.45,1.65,2.65
13967,"Beef, chuck, top blade, separable lean only, trimmed to 0"" fat, select, cooked, broiled",26.16,8,0,85,3.0 oz,22.24,6.8,0
10984,"Pork, fresh, loin, blade (chops), boneless, separable lean only, boneless, cooked, broiled",26.14,6.74,0.89,85,3.0 oz,22.22,5.73,0.76
23563,"Beef, ground, 90% lean meat / 10% fat, patty, cooked, broiled",26.11,11.75,0,85,3.0 oz,22.19,9.99,0
2024,"Spices, mustard seed, ground",26.08,36.24,28.09,2,1.0 tsp,0.52,0.72,0.56
10954,"Pork, fresh, shoulder, (Boston butt), blade (steaks), separable lean and fat, with added solution, cooked, braised",25.84,16.94,0.03,85,3.0 oz,21.96,14.4,0.03
15211,"Fish, salmon, chum, cooked, dry heat",25.82,4.83,0,85,3.0 oz,21.95,4.11,0
17303,"Lamb, Australian, imported, fresh, leg, sirloin chops, boneless, separable lean and fat, trimmed to 1/8"" fat, cooked, broiled",25.75,13.83,0,85,3.0 oz,21.89,11.76,0
15189,"Fish, bluefish, cooked, dry heat",25.69,5.44,0,117,1.0 fillet,30.06,6.36,0
10992,"Pork, fresh, loin, country-style ribs, separable lean and fat, bone-in, cooked, broiled",25.58,17.56,0,85,3.0 oz,21.74,14.93,0
1035,"Cheese, provolone",25.58,26.62,2.14,132,"1.0 cup, diced",33.77,35.14,2.82
13467,"Beef, short loin, porterhouse steak, separable lean only, trimmed to 0"" fat, choice, cooked, broiled",25.51,12.8,0,85,3.0 oz,21.68,10.88,0
17259,"Lamb, New Zealand, imported, frozen, leg, whole (shank and sirloin), separable lean and fat, trimmed to 1/8"" fat, cooked, roasted",25.34,13.95,0,85,3.0 oz,21.54,11.86,0
5070,"Chicken, broilers or fryers, drumstick, meat and skin, cooked, stewed",25.32,10.64,0,140,"1.0 cup, chopped or diced",35.45,14.9,0
17248,"Lamb, shoulder, arm, separable lean and fat, trimmed to 1/8"" fat, cooked, broiled",24.91,18.05,0,85,3.0 oz,21.17,15.34,0
12084,"Nuts, butternuts, dried",24.9,56.98,12.05,120,1.0 cup,29.88,68.38,14.46
5122,"Chicken, stewing, meat and skin, and giblets and neck, cooked, stewed",24.88,11.91,0,85,3.0 oz,21.15,10.12,0
15032,"Fish, grouper, mixed species, cooked, dry heat",24.84,1.3,0,85,3.0 oz,21.11,1.1,0
17287,"Lamb, Australian, imported, fresh, foreshank, separable lean and fat, trimmed to 1/8"" fat, cooked, braised",24.78,14.44,0,85,3.0 oz,21.06,12.27,0
15190,"Fish, burbot, cooked, dry heat",24.76,1.04,0,90,1.0 fillet,22.28,0.94,0
1044,"Cheese, pasteurized process, swiss",24.73,25.01,2.1,140,"1.0 cup, diced",34.62,35.01,2.94
15063,"Fish, pike, northern, cooked, dry heat",24.69,0.88,0,85,3.0 oz,20.99,0.75,0
10932,"Pork, cured, ham, rump, bone-in, separable lean only, unheated",24.46,2.92,0.32,85,3.0 oz,20.79,2.48,0.27
17261,"Lamb, New Zealand, imported, frozen, loin, separable lean and fat, trimmed to 1/8"" fat, cooked, broiled",24.41,21.28,0,85,3.0 oz,20.75,18.09,0
16390,"Peanuts, all types, dry-roasted, without salt",24.35,49.66,21.26,146,1.0 cup,35.55,72.5,31.04
15213,"Fish, scup, cooked, dry heat",24.21,3.5,0,50,1.0 fillet,12.11,1.75,0
17316,"Lamb, Australian, imported, fresh, rib chop/rack roast, frenched, bone-in, separable lean only, trimmed to 1/8"" fat, raw",24.07,5.59,0,113,4.0 oz,27.2,6.32,0
5078,"Chicken, broilers or fryers, leg, meat and skin, cooked, roasted",24.03,8.99,0,85,3.0 oz,20.43,7.64,0
5743,"Turkey, retail parts, thigh, meat and skin, cooked, roasted",23.95,9.5,0.41,85,3.0 oz,20.36,8.07,0.35
17329,"Lamb, Australian, imported, fresh, shoulder ,blade, separable lean only, trimmed to 1/8"" fat, cooked, broiled",23.83,14.38,0,85,3.0 oz,20.26,12.22,0
15241,"Fish, trout, rainbow, farmed, cooked, dry heat",23.8,7.38,0,71,1.0 fillet,16.9,5.24,0
10934,"Pork, cured, ham, shank, bone-in, separable lean only, unheated",23.79,3.19,0.18,85,3.0 oz,20.22,2.71,0.15
17331,"Game meat, bison, ground, cooked, pan-broiled",23.77,15.13,0,87,1.0 patty ( yield from 112.7 g raw meat ),20.68,13.16,0
1029,"Cheese, mozzarella, low moisture, part-skim",23.75,19.78,5.58,132,"1.0 cup, diced",31.35,26.11,7.37
15194,"Fish, mahimahi, cooked, dry heat",23.72,0.9,0,85,3.0 oz,20.16,0.77,0
15227,"Crustaceans, crab, queen, cooked, moist heat",23.72,1.51,0,85,3.0 oz,20.16,1.28,0
5738,"Turkey, drumstick, from whole bird, meat only, raw",23.66,1.48,0.14,113,4.0 oz,26.74,1.67,0.16
5038,"Chicken, broilers or fryers, dark meat, meat and skin, cooked, stewed",23.5,14.66,0,110,1.0 unit (yield from 1 lb ready-to-cook chicken),25.85,16.13,0
15111,"Fish, swordfish, cooked, dry heat",23.45,7.93,0,85,3.0 oz,19.93,6.74,0
1030,"Cheese, muenster",23.41,30.04,1.12,132,"1.0 cup, diced",30.9,39.65,1.48
10071,"Pork, fresh, shoulder, whole, separable lean and fat, cooked, roasted",23.28,21.39,0,135,"1.0 cup, diced",31.43,28.88,0
17238,"Lamb, loin, separable lean and fat, trimmed to 1/8"" fat, choice, cooked, roasted",23.27,21.12,0,85,3.0 oz,19.78,17.95,0
5039,"Chicken, broilers or fryers, light meat, meat only, raw",23.2,1.65,0,88,1.0 unit (yield from 1 lb ready-to-cook chicken),20.42,1.45,0
15048,"Fish, mackerel, jack, canned, drained solids",23.19,6.3,0,28.35,"1.0 oz, boneless",6.57,1.79,0
10102,"Pork, fresh, variety meats and by-products, feet, raw",23.16,12.59,0,113,4.0 oz,26.17,14.23,0
10083,"Pork, fresh, shoulder, blade, boston (roasts), separable lean and fat, cooked, roasted",23.11,18.86,0,85,3.0 oz,19.64,16.03,0
15260,"Fish, salmon, pink, canned, drained solids",23.1,5.02,0,85,3.0 oz,19.64,4.27,0
17240,"Lamb, rib, separable lean and fat, trimmed to 1/8"" fat, choice, cooked, broiled",23.06,26.82,0,85,3.0 oz,19.6,22.8,0
23265,"Beef, ribeye  petite roast/filet, boneless, separable lean only, trimmed to 0"" fat, select, raw",22.89,3.72,0,113,4.0 oz,25.87,4.2,0
10963,"Pork, Leg sirloin tip roast, boneless, separable lean and fat, raw",22.88,1.71,0,85,3.0 oz,19.45,1.45,0
1009,"Cheese, cheddar (Includes foods for USDA's Food Distribution Program)",22.87,33.31,3.37,132,"1.0 cup, diced",30.19,43.97,4.45
5002,"Chicken, broilers or fryers, meat and skin and giblets and neck, cooked, fried, batter",22.84,17.53,9.03,85,3.0 oz,19.41,14.9,7.68
2041,"Spices, tarragon, dried",22.77,7.24,50.22,0.6,"1.0 tsp, leaves",0.14,0.04,0.3
15017,"Fish, cod, Atlantic, canned, solids and liquid",22.76,0.86,0,85,3.0 oz,19.35,0.73,0
15199,"Fish, lingcod, cooked, dry heat",22.64,1.36,0,85,3.0 oz,19.24,1.16,0
17253,"Lamb, shoulder, blade, separable lean and fat, trimmed to 1/8"" fat, choice, cooked, roasted",22.62,19.19,0,85,3.0 oz,19.23,16.31,0
13855,"Beef, rib, small end (ribs 10-12), separable lean and fat, trimmed to 1/8"" fat, choice, cooked, roasted",22.28,29.21,0,85,3.0 oz,18.94,24.83,0
10955,"Pork, cured, ham, rump, bone-in, separable lean and fat, unheated",22.27,9.38,0.52,85,3.0 oz,18.93,7.97,0.44
10927,"Pork, cured, ham with natural juices, spiral slice, boneless, separable lean and fat, heated, roasted",22.18,5.1,1.06,145,1.0 slice,32.16,7.39,1.54
1026,"Cheese, mozzarella, whole milk",22.17,22.14,2.4,112,"1.0 cup, shredded",24.83,24.8,2.69
5105,"Chicken, broilers or fryers, wing, meat only, raw",21.97,3.54,0,17,"1.0 wing, bone and skin removed (yield from 1 lb ready-to-cook chicken)",3.73,0.6,0
5693,"Chicken, broiler, rotisserie, BBQ, back meat only",21.85,13.87,0.31,85,3.0 oz,18.57,11.79,0.26
17241,"Lamb, rib, separable lean and fat, trimmed to 1/8"" fat, choice, cooked, roasted",21.82,27.53,0,85,3.0 oz,18.55,23.4,0
7926,"Salami, Italian, pork",21.7,37,1.2,28,1.0 oz,6.08,10.36,0.34
10936,"Pork, cured, ham, shank, bone-in, separable lean and fat, unheated",21.61,9.85,0.41,85,3.0 oz,18.37,8.37,0.35
16014,"Beans, black, mature seeds, raw",21.6,1.42,62.36,194,1.0 cup,41.9,2.75,120.98
1167,"Cheese, mexican, queso chihuahua",21.56,29.68,5.56,132,"1.0 cup, diced",28.46,39.18,7.34
15214,"Fish, seatrout, mixed species, cooked, dry heat",21.46,4.63,0,85,3.0 oz,18.24,3.94,0
1004,"Cheese, blue",21.4,28.74,2.34,28.35,1.0 oz,6.07,8.15,0.66
17267,"Game meat, bison, top sirloin, separable lean only, trimmed to 0"" fat, raw",21.4,2.4,0,28.35,1.0 oz,6.07,0.68,0
10982,"Pork, fresh, loin, blade (chops or roasts), boneless, separable lean only, raw",21.35,3.78,0.82,113,4.0 oz,24.13,4.27,0.93
13970,"Beef, flank, steak, separable lean and fat, trimmed to 0"" fat, all grades, raw",21.22,7.17,0,113,4.0 oz,23.98,8.1,0
10973,"Pork, ground, 96% lean / 4% fat, raw",21.1,4,0.21,113,4.0 oz,23.84,4.52,0.24
23290,"Beef, top loin petite roast/filet, boneless, separable lean and fat, trimmed to 1/8"" fat, all grades, raw",21.1,11.3,0.3,113,4.0 oz,23.84,12.77,0.34
1061,"Cheese, American, nonfat or fat free",21.05,0,10.53,19,1.0 serving,4,0,2
17312,"Lamb, Australian, imported, fresh, loin, separable lean only, trimmed to 1/8"" fat, raw",21,6.24,0,28.35,1.0 oz,5.95,1.77,0
12063,"Nuts, almonds, dry roasted, without salt added",20.96,52.54,21.01,138,1.0 cup whole kernels,28.92,72.51,28.99
12695,"Nuts, almond butter, plain, with salt added",20.96,55.5,18.82,16,1.0 tbsp,3.35,8.88,3.01
16040,"Beans, pink, mature seeds, raw",20.96,1.13,64.19,210,1.0 cup,44.02,2.37,134.8
7943,"Turkey, breast, smoked, lemon pepper flavor, 97% fat-free",20.9,0.69,1.31,28,1.0 slice,5.85,0.19,0.37
17288,"Lamb, Australian, imported, fresh, foreshank, separable lean only, trimmed to 1/8"" fat, raw",20.83,3.81,0,28.35,1.0 oz,5.91,1.08,0
17308,"Lamb, Australian, imported, fresh, leg, center slice, bone-in, separable lean only, trimmed to 1/8"" fat, raw",20.65,6.08,0,28.35,1.0 oz,5.85,1.72,0
5152,"Guinea hen, meat only, raw",20.64,2.47,0,85,3.0 oz,17.54,2.1,0
13913,"Beef, loin, top loin, separable lean and fat, trimmed to 1/8"" fat, select, raw",20.59,15.04,0,113,4.0 oz,23.27,17,0
10989,"Pork, fresh, loin, blade (chops or roasts), boneless, separable lean and fat only, raw",20.54,7.94,0.76,113,4.0 oz,23.21,8.97,0.86
23302,"Beef, Australian, imported, grass-fed, loin, tenderloin steak/roast, boneless, separable lean and fat, raw",20.53,7.63,0.01,113,4.0 oz,23.2,8.62,0.01
17300,"Lamb, Australian, imported, fresh, leg, sirloin half, boneless, separable lean only, trimmed to 1/8"" fat, raw",20.48,5.64,0,28.35,1.0 oz,5.81,1.6,0
17292,"Lamb, Australian, imported, fresh, leg, whole (shank and sirloin), separable lean only, trimmed to 1/8"" fat, raw",20.46,5.23,0,28.35,1.0 oz,5.8,1.48,0
17296,"Lamb, Australian, imported, fresh, leg, shank half, separable lean only, trimmed to 1/8"" fat, raw",20.45,5.1,0,28.35,1.0 oz,5.8,1.45,0
10944,"Pork, fresh, enhanced, loin, tenderloin, separable lean only, raw",20.39,2.09,0,113,4.0 oz,23.04,2.36,0
17351,"Veal, Australian, shank, hind, bone-in, separable lean only, raw",20.37,4.47,0,113,4.0 oz,23.02,5.05,0
13905,"Beef, short loin, porterhouse steak, separable lean and fat, trimmed to 1/8"" fat, choice, raw",20.36,14.58,0,113,4.0 oz,23.01,16.48,0
17282,"Lamb, Australian, imported, fresh, composite of trimmed retail cuts, separable lean only, trimmed to 1/8"" fat, raw",20.25,6.18,0,28.35,1.0 oz,5.74,1.75,0
14366,"Beverages, tea, instant, unsweetened, powder",20.21,0,58.66,0.7,1.0 serving 1 tsp,0.14,0,0.41
10951,"Pork, fresh, loin, tenderloin, separable lean and fat, with added solution, raw",20.16,3.14,0,113,4.0 oz,22.78,3.55,0
13975,"Beef, brisket, flat half, boneless, separable lean and fat, trimmed to 0"" fat, choice, raw",20.15,9.86,0,113,4.0 oz,22.77,11.14,0
15261,"Fish, tilapia, raw",20.08,1.7,0,116,1.0 fillet,23.29,1.97,0
12038,"Seeds, sunflower seed kernels, oil roasted, without salt",20.06,51.3,22.89,135,1.0 cup,27.08,69.25,30.9
15005,"Fish, bluefish, raw",20.04,4.24,0,150,1.0 fillet,30.06,6.36,0
12737,"Nuts, mixed nuts, oil roasted, with peanuts, lightly salted",20.04,53.95,21.05,28.35,1.0 oz,5.68,15.29,5.97
16001,"Beans, adzuki, mature seeds, raw",19.87,0.53,62.9,197,1.0 cup,39.14,1.04,123.91
1007,"Cheese, camembert",19.8,24.26,0.46,28.35,1.0 oz,5.61,6.88,0.13
15181,"Fish, salmon, pink, canned, without salt, solids with bone and liquid",19.78,6.05,0,85,3.0 oz,16.81,5.14,0
2005,"Spices, caraway seed",19.77,14.59,49.9,2.1,1.0 tsp,0.42,0.31,1.05
21418,"POPEYES, Spicy Chicken Strips, analyzed 2006",19.61,11.2,18.52,53,1.0 strip,10.39,5.94,9.82
7925,"Pastrami, beef, 98% fat-free",19.6,1.16,1.54,57,1.0 serving 6 slices,11.17,0.66,0.88
5053,"Chicken, broilers or fryers, back, meat only, raw",19.56,5.92,0,113,4.0 oz,22.1,6.69,0
23270,"Beef, ribeye cap steak, boneless, separable lean only, trimmed to 0"" fat, choice, raw",19.46,11.4,1.75,113,4.0 oz,21.99,12.88,1.98
15267,"Fish, pollock, Alaska, cooked",19.42,0.99,0,85,3.0 oz,16.51,0.84,0
15031,"Fish, grouper, mixed species, raw",19.38,1.02,0,85,3.0 oz,16.47,0.87,0
13923,"Beef, tenderloin, steak, separable lean and fat, trimmed to 1/8"" fat, select, raw",19.37,18.46,0,113,4.0 oz,21.89,20.86,0
15051,"Fish, mackerel, spanish, raw",19.29,6.3,0,85,3.0 oz,16.4,5.36,0
17278,"Veal, shank (fore and hind), separable lean only, raw",19.28,2.83,0,28.35,1.0 oz,5.47,0.8,0
21417,"POPEYES, Mild Chicken Strips, analyzed 2006",19.2,13.01,19.31,54,1.0 strip,10.37,7.03,10.43
13786,"Beef, chuck eye roast, boneless, America's Beef Roast, separable lean and fat, trimmed to 0"" fat, all grades, raw",19.18,11.48,0,113,4.0 oz,21.67,12.97,0
17306,"Lamb, Australian, imported, fresh, leg, center slice, bone-in, separable lean and fat, trimmed to 1/8"" fat, raw",19.17,12.56,0,28.35,1.0 oz,5.43,3.56,0
17276,"Veal, shank (fore and hind), separable lean and fat, raw",19.15,3.48,0,28.35,1.0 oz,5.43,0.99,0
5682,"Chicken, dark meat, thigh, meat only, with added solution, raw",19.11,3.69,0,113,4.0 oz,21.59,4.17,0
17328,"Lamb, Australian, imported, fresh, shoulder, blade, separable lean only, trimmed to 1/8"" fat, raw",19.1,9.09,0,28.35,1.0 oz,5.41,2.58,0
15013,"Fish, cisco, raw",18.99,1.91,0,79,1.0 fillet,15,1.51,0
17286,"Lamb, Australian, imported, fresh, foreshank, separable lean and fat, trimmed to 1/8"" fat, raw",18.85,12.68,0,28.35,1.0 oz,5.34,3.59,0
7955,"Sausage, turkey, fresh, raw",18.79,8.08,0.47,57,1.0 serving,10.71,4.61,0.27
17258,"Lamb, New Zealand, imported, frozen, leg, whole (shank and sirloin), separable lean and fat, trimmed to 1/8"" fat, raw",18.76,13.37,0,28.35,1.0 oz,5.32,3.79,0
10115,"Pork, fresh, variety meats and by-products, pancreas, raw",18.56,13.24,0,28.35,1.0 oz,5.26,3.75,0
15058,"Fish, ocean perch, Atlantic, cooked, dry heat",18.51,1.87,0,50,1.0 fillet,9.26,0.94,0
5160,"Squab, (pigeon), meat and skin, raw",18.47,23.8,0,85,3.0 oz,15.7,20.23,0
19086,"Candies, confectioner's coating, peanut butter",18.3,29.8,46.88,168,1.0 cup chips,30.74,50.06,78.76
1042,"Cheese, pasteurized process, American, fortified with vitamin D",18.13,30.71,4.78,28.35,1.0 oz,5.14,8.71,1.36
17256,"Lamb, New Zealand, imported, frozen, foreshank, separable lean and fat, trimmed to 1/8"" fat, raw",18.04,16.15,0,28.35,1.0 oz,5.11,4.58,0
15039,"Fish, herring, Atlantic, raw",17.96,9.04,0,28.35,"1.0 oz, boneless",5.09,2.56,0
7938,"Ham, honey, smoked, cooked",17.93,2.37,7.27,55,1.0 oz (1 serving),9.86,1.3,4
5020,"Chicken, broilers or fryers, giblets, raw",17.88,4.47,1.8,23,1.0 unit (yield from 1 lb ready-to-cook chicken),4.11,1.03,0.41
2002,"Spices, anise seed",17.6,15.9,50.02,2.1,"1.0 tsp, whole",0.37,0.33,1.05
15134,"Fish, wolffish, Atlantic, raw",17.5,2.39,0,85,3.0 oz,14.88,2.03,0
17271,"Veal, breast, whole, boneless, separable lean and fat, raw",17.47,14.75,0,28.35,1.0 oz,4.95,4.18,0
10008,"Pork, fresh, leg (ham), whole, separable lean and fat, raw",17.43,18.87,0,113,4.0 oz,19.7,21.32,0
19031,"Snacks, oriental mix, rice-based",17.31,25.58,51.62,28.35,1.0 oz,4.91,7.25,14.63
16426,"Tofu, raw, firm, prepared with calcium sulfate",17.27,8.72,2.78,126,0.5 cup,21.76,10.99,3.5
12039,"Seeds, sunflower seed kernels, toasted, without salt",17.21,56.8,20.59,134,1.0 cup,23.06,76.11,27.59
10953,"Pork, fresh, shoulder, (Boston butt), blade (steaks), separable lean and fat,with added solution, raw",17.19,11.12,0.16,113,4.0 oz,19.42,12.57,0.18
17264,"Lamb, New Zealand, imported, frozen, shoulder, whole (arm and blade), separable lean and fat, trimmed to 1/8"" fat, raw",17.19,19.74,0,28.35,1.0 oz,4.87,5.6,0
17250,"Lamb, shoulder, blade, separable lean and fat, trimmed to 1/8"" fat, choice, raw",17.01,18.97,0,28.35,1.0 oz,4.82,5.38,0
1046,"Cheese food, pasteurized process, American, vitamin D fortified",16.86,25.63,8.56,113,1.0 cup,19.05,28.96,9.67
7933,"Chicken breast, oven-roasted, fat-free, sliced",16.79,0.39,2.17,42,1.0 serving 2 slices,7.05,0.16,0.91
7965,"Pork sausage, link/patty, reduced fat, unprepared",16.75,16.55,0.2,85,3.0 oz,14.24,14.07,0.17
17318,"Lamb, Australian, imported, fresh, shoulder, whole (arm and blade), separable lean and fat, trimmed to 1/8"" fat, raw",16.68,20.47,0,28.35,1.0 oz,4.73,5.8,0
6080,"Soup, chicken broth or bouillon, dry",16.66,13.88,18.01,4,1.0 cube,0.67,0.56,0.72
17326,"Lamb, Australian, imported, fresh, shoulder, blade, separable lean and fat, trimmed to 1/8"" fat, raw",16.48,21.28,0,28.35,1.0 oz,4.67,6.03,0
1048,"Cheese spread, pasteurized process, American",16.41,21.23,8.73,140,"1.0 cup, diced",22.97,29.72,12.22
15043,"Fish, herring, Pacific, raw",16.39,13.88,0,85,3.0 oz,13.93,11.8,0
15014,"Fish, cisco, smoked",16.36,11.9,0,28.35,1.0 oz,4.64,3.37,0
15033,"Fish, haddock, raw",16.32,0.45,0,85,3.0 oz,13.87,0.38,0
8146,"Cereals ready-to-eat, QUAKER, QUAKER Puffed Wheat",16.26,2.15,76.39,15,1.0 cup (1 NLEA serving),2.44,0.32,11.46
7914,"Sausage, Italian, sweet, links",16.13,8.42,2.1,84,1.0 link 3 oz,13.55,7.07,1.76
8640,"Cereals, QUAKER, Instant Oatmeal Organic, Regular",16,6.3,67,41,1.0 packet,6.56,2.58,27.47
7001,"Barbecue loaf, pork, beef",15.84,8.9,6.4,28.35,1.0 oz,4.49,2.52,1.81
6128,"Soup, chicken noodle, dry, mix",15.42,6.51,62.32,74,1.0 packet,11.41,4.82,46.12
12013,"Seeds, lotus seeds, dried",15.41,1.97,64.47,32,1.0 cup,4.93,0.63,20.63
15057,"Fish, ocean perch, Atlantic, raw",15.31,1.54,0,28.35,"1.0 oz, boneless",4.34,0.44,0
15019,"Fish, cod, Pacific, raw (may have been previously frozen)",15.27,0.41,0,116,1.0 fillet,17.71,0.48,0
15029,"Fish, flatfish (flounder and sole species), cooked, dry heat",15.24,2.37,0,127,1.0 fillet,19.35,3.01,0
10921,"Pork, cured, ham and water product, slice, boneless, separable lean and fat, heated, pan-broil",15.08,5.13,4.69,85,3.0 oz (3 oz),12.82,4.36,3.99
7929,"Sausage, turkey, hot, smoked",15.05,8.75,4.65,56,2.0 oz,8.43,4.9,2.6
7913,"Salami, pork, beef, less sodium",15.01,30.5,15.38,100,3.0 oz,15.01,30.5,15.38
12120,"Nuts, hazelnuts or filberts",14.95,60.75,16.7,115,"1.0 cup, chopped",17.19,69.86,19.2
15166,"Mollusks, octopus, common, raw",14.91,1.04,2.2,85,3.0 oz,12.67,0.88,1.87
20132,"Oat flour, partially debranned",14.66,9.12,65.7,104,1.0 cup,15.25,9.48,68.33
7014,"Braunschweiger (a liver sausage), pork",14.5,28.5,3.1,28.35,1.0 oz,4.11,8.08,0.88
7924,"Bratwurst, pork, beef and turkey, lite, smoked",14.45,13.53,1.62,66,1.0 serving 2.33 oz,9.54,8.93,1.07
2015,"Spices, curry powder",14.29,14.01,55.83,2,1.0 tsp,0.29,0.28,1.12
1019,"Cheese, feta",14.21,21.49,3.88,150,"1.0 cup, crumbled",21.32,32.23,5.82
19822,"Snacks, trail mix, regular, with chocolate chips, unsalted nuts and seeds",14.2,31.9,44.9,146,1.0 cup,20.73,46.57,65.55
15041,"Fish, herring, Atlantic, pickled",14.19,18,9.64,140,1.0 cup,19.87,25.2,13.5
20409,"Noodles, egg, dry, unenriched",14.16,4.44,71.27,38,1.0 cup,5.38,1.69,27.08
5048,"Chicken, broilers or fryers, back, meat and skin, raw",14.05,28.74,0,59,1.0 unit (yield from 1 lb ready-to-cook chicken),8.29,16.96,0
7002,"Beerwurst, beer salami, pork and beef",14,22.53,3.76,56,2.0 oz,7.84,12.62,2.11
7931,"Beerwurst, pork and beef",14,22.53,4.27,56,1.0 serving 2 oz,7.84,12.62,2.39
20124,"Pasta, whole-wheat, dry (Includes foods for USDA's Food Distribution Program)",13.87,2.93,73.37,91,1.0 cup spaghetti,12.62,2.67,66.77
1127,"Egg, yolk, raw, frozen, sugared, pasteurized",13.87,22.82,10.95,28.35,1.0 oz,3.93,6.47,3.1
8037,"Cereals ready-to-eat, granola, homemade",13.67,24.31,53.88,122,1.0 cup,16.68,29.66,65.73
21021,"Fast foods, english muffin, with egg, cheese, and canadian bacon",13.64,9.66,21.67,126,1.0 sandwich,17.19,12.17,27.3
1128,"Egg, whole, cooked, fried",13.61,14.84,0.83,46,1.0 large,6.26,6.83,0.38
7928,"Sausage, chicken, beef, pork, skinless, smoked",13.6,14.3,8.1,84,1.0 link,11.42,12.01,6.8
7944,"Turkey, white, rotisserie, deli cut",13.5,3,7.7,48,1.0 oz (1 serving),6.48,1.44,3.7
18224,"Crackers, rusk toast",13.5,7.2,72.3,14.2,0.5 oz,1.92,1.02,10.27
18234,"Crackers, wheat, sandwich, with peanut butter filling",13.5,26.7,53.8,14.2,0.5 oz,1.92,3.79,7.64
7967,"Pork sausage, link/patty, fully cooked, unheated",13.46,37.25,0.69,23,1.0 link,3.1,8.57,0.16
18055,"Bread, reduced-calorie, wheat",13.32,2.92,42.47,28.35,1.0 oz,3.78,0.83,12.04
18603,"George Weston Bakeries, Brownberry Sage and Onion Stuffing Mix, dry",13.3,5.1,72.7,67,1.0 serving,8.91,3.42,48.71
20105,"Macaroni, vegetable, enriched, dry",13.14,1.04,74.88,84,1.0 cup spiral shaped,11.04,0.87,62.9
7934,"Kielbasa, Polish, turkey and beef, smoked",13.1,17.6,3.9,56,1.0 serving 2 oz,7.34,9.86,2.18
7936,"Bologna, pork and turkey, lite",13.06,16.06,3.45,56,1.0 serving 2 oz,7.31,8.99,1.93
20120,"Pasta, dry, enriched",13.04,1.51,74.67,91,1.0 cup spaghetti,11.87,1.37,67.95
20420,"Pasta, dry, unenriched",13.04,1.51,74.67,91,1.0 cup spaghetti,11.87,1.37,67.95
18030,"Bread, french or vienna, toasted (includes sourdough)",13,2.14,61.93,28.35,1.0 oz,3.69,0.61,17.56
11450,"Soybeans, green, raw",12.95,6.8,11.05,256,1.0 cup,33.15,17.41,28.29
1115,"Whey, sweet, dried",12.93,1.07,74.46,145,1.0 cup,18.75,1.55,107.97
7917,"Sausage, pork and beef, with cheddar cheese, smoked",12.89,25.84,2.13,77,12.0 oz serving 2.7 oz,9.93,19.9,1.64
7939,"Frankfurter, pork",12.81,23.68,0.28,76,1.0 link,9.74,18,0.21
21474,"DIGIORNO Pizza, cheese topping, rising crust, frozen, baked",12.8,8.6,31.78,183,1.0 slice 1/4 of pie,23.42,15.74,58.16
2023,"Spices, marjoram, dried",12.66,7.04,60.56,0.6,1.0 tsp,0.08,0.04,0.36
8200,"Cereals, QUAKER, QUAKER MultiGrain Oatmeal, dry",12.64,2.73,72.62,40,0.5 cup (1 NLEA serving),5.06,1.09,29.05
1123,"Egg, whole, raw, fresh",12.56,9.51,0.72,50,1.0 large,6.28,4.75,0.36
1131,"Egg, whole, cooked, poached",12.51,9.47,0.71,50,1.0 large,6.25,4.74,0.35
7906,"Luncheon meat, pork, ham, and chicken, minced, canned, reduced sodium, added ascorbic acid, includes SPAM, 25% less sodium",12.5,25.1,3.4,56,2.0 oz 1 NLEA serving,7,14.06,1.9
21013,"Fast foods, croissant, with egg, cheese, and ham",12.45,14.95,18.98,155,1.0 item,19.3,23.17,29.42
18075,"Bread, whole-wheat, commercially prepared",12.45,3.5,42.71,32,1.0 slice,3.98,1.12,13.67
15028,"Fish, flatfish (flounder and sole species), raw",12.41,1.93,0,28.35,"1.0 oz, boneless",3.52,0.55,0
1016,"Cheese, cottage, lowfat, 1% milkfat",12.39,1.02,2.72,113,4.0 oz,14,1.15,3.07
7911,Liverwurst spread,12.38,25.45,5.89,55,0.25 cup,6.81,14,3.24
11982,"Peppers, pasilla, dried",12.35,15.85,51.13,7,1.0 pepper,0.86,1.11,3.58
11451,"Soybeans, green, cooked, boiled, drained, without salt",12.35,6.4,11.05,180,1.0 cup,22.23,11.52,19.89
10097,"Pork, fresh, variety meats and by-products, brain, cooked, braised",12.14,9.51,0,85,3.0 oz,10.32,8.08,0
18043,"Bread, protein (includes gluten)",12.1,2.2,43.8,28.35,1.0 oz,3.43,0.62,12.42
21014,"Fast foods, croissant, with egg, cheese, and sausage",12.09,21.78,15.9,171,1.0 sandwich,20.67,37.24,27.19
7957,"Sausage, pork and turkey, pre-cooked",12.05,30.64,3.63,57,1.0 serving,6.87,17.46,2.07
20083,"Wheat flour, white, bread, enriched",11.98,1.66,72.53,137,1.0 cup,16.41,2.27,99.37
8656,"Cereals ready-to-eat, NATURE'S PATH, Organic FLAX PLUS flakes",11.91,5.46,75.27,30,0.75 cup (1 NLEA serving),3.57,1.64,22.58
18242,"Croutons, plain",11.9,6.6,73.5,14.2,0.5 oz,1.69,0.94,10.44
15164,"Mollusks, mussel, blue, raw",11.9,2.24,3.69,150,1.0 cup,17.85,3.36,5.54
8148,"Cereals ready-to-eat, POST, Shredded Wheat, original spoon-size",11.8,2.1,81.4,49,1.0 cup (1 NLEA serving),5.78,1.03,39.89
18221,"Crackers, melba toast, rye (includes pumpernickel)",11.6,3.4,77.3,14.2,0.5 oz,1.65,0.48,10.98
14218,"Beverages, coffee, instant, decaffeinated, powder",11.6,0.2,76,1.8,1.0 tsp rounded,0.21,0,1.37
7937,"Bologna, pork, turkey and beef",11.56,29.25,6.66,28.35,1.0 oz,3.28,8.29,1.89
18231,"Crackers, standard snack-type, sandwich, with peanut butter filling",11.47,24.54,58.38,14.2,0.5 oz,1.63,3.48,8.29
1161,"Cheese substitute, mozzarella",11.47,12.22,23.67,113,"1.0 cup, shredded",12.96,13.81,26.75
15169,"Mollusks, oyster, eastern, wild, cooked, moist heat",11.42,3.42,5.45,85,3.0 oz,9.71,2.91,4.63
1037,"Cheese, ricotta, part skim milk",11.39,7.91,5.14,124,0.5 cup,14.12,9.81,6.37
8147,"Cereals ready-to-eat, POST, Shredded Wheat, original big biscuit",11.37,2.01,78.96,47,2.0 biscuits (1 NLEA serving),5.34,0.94,37.11
20116,"Noodles, japanese, somen, dry",11.35,0.81,74.1,57,2.0 oz,6.47,0.46,42.24
21003,"Fast foods, biscuit, with egg and bacon",11.33,20.73,19.06,150,1.0 biscuit,17,31.09,28.59
20093,"Pasta, fresh-refrigerated, plain, as purchased",11.31,2.3,54.73,128,4.0 oz,14.48,2.94,70.05
8632,"Cereals ready-to-eat, QUAKER Oatmeal Squares, Golden Maple",11.3,4.83,78.04,56,1.0 cup (1 NLEA serving),6.33,2.7,43.7
20095,"Pasta, fresh-refrigerated, spinach, as purchased",11.26,2.1,55.72,128,4.0 oz,14.41,2.69,71.32
11211,"Edamame, frozen, unprepared",11.22,4.73,7.61,118,1.0 cup,13.24,5.58,8.98
18002,"Bagels, plain, enriched, with calcium propionate (includes onion, poppy, sesame), toasted",11.14,1.43,57.39,24,1.0 mini bagel (2-1/2 dia),2.67,0.34,13.77
21005,"Fast Foods, biscuit, with egg and sausage",11.13,20.77,21.05,162,1.0 item,18.03,33.65,34.1
1012,"Cheese, cottage, creamed, large or small curd",11.12,4.3,3.38,113,4.0 oz,12.57,4.86,3.82
19050,"Snacks, pretzels, hard, whole-wheat including both salted and unsalted",11.1,2.6,81.3,28.35,1.0 oz,3.15,0.74,23.05
18081,"Bread, stuffing, dry mix",11,3.4,76.2,28.35,1.0 oz,3.12,0.96,21.6
3999,"Infant formula, ABBOTT NUTRITION, SIMILAC, For Spit Up, powder, with ARA and DHA",11,27.75,55,9.5,1.0 scoop,1.04,2.64,5.22
18214,"Crackers, cheese, regular",10.93,22.74,59.42,14.2,0.5 oz,1.55,3.23,8.44
18295,"Pancakes, buckwheat, dry mix, incomplete",10.9,2.7,71.3,28.35,1.0 oz,3.09,0.77,20.21
1124,"Egg, white, raw, fresh",10.9,0.17,0.73,33,1.0 large,3.6,0.06,0.24
18243,"Croutons, seasoned",10.8,18.3,63.5,14.2,0.5 oz,1.53,2.6,9.02
18007,"Bagels, oat bran",10.7,1.2,53.3,26,1.0 mini bagel (2-1/2 dia),2.78,0.31,13.86
1013,"Cheese, cottage, creamed, with fruit",10.69,3.85,4.61,113,4.0 oz,12.08,4.35,5.21
18064,"Bread, wheat",10.67,4.53,47.54,29,1.0 slice,3.09,1.31,13.79
18967,"Bread, white wheat",10.66,2.15,43.91,28,1.0 slice,2.98,0.6,12.29
8177,"Cereals, MALT-O-MEAL, chocolate, dry",10.6,0.82,79.55,35,3.0 tbsp (1 NLEA serving),3.71,0.29,27.84
8106,"Cereals, CREAM OF WHEAT, instant, dry",10.6,1.4,75.5,11.5,1.0 tbsp,1.22,0.16,8.68
1130,"Egg, whole, cooked, omelet",10.57,11.66,0.64,15,1.0 tbsp,1.59,1.75,0.1
18001,"Bagels, plain, enriched, with calcium propionate (includes onion, poppy, sesame)",10.56,1.32,52.38,99,1.0 bagel,10.45,1.31,51.86
19021,"Snacks, granola bars, soft, uncoated, peanut butter",10.5,15.8,64.4,28,1.0 bar (1 oz),2.94,4.42,18.03
20130,Barley flour or meal,10.5,1.6,74.52,148,1.0 cup,15.54,2.37,110.29
1015,"Cheese, cottage, lowfat, 2% milkfat",10.45,2.27,4.76,113,4.0 oz,11.81,2.57,5.38
18972,"Bread, cheese",10.42,20.83,44.83,48,1.0 slice,5,10,21.52
18037,"Bread, oat bran",10.4,4.4,39.8,28.35,1.0 oz,2.95,1.25,11.28
7971,"Bologna, meat and poultry",10.34,23.77,6.31,33,1.0 slice,3.41,7.84,2.08
1014,"Cheese, cottage, nonfat, uncreamed, dry, large or small curd",10.34,0.29,6.66,145,1.0 cup (not packed),14.99,0.42,9.66
20481,"Wheat flour, white, all-purpose, unenriched",10.33,0.98,76.31,125,1.0 cup,12.91,1.23,95.39
20381,"Wheat flour, white, all-purpose, enriched, calcium-fortified",10.33,0.98,76.31,125,1.0 cup,12.91,1.23,95.39
7950,"Frankfurter, meat",10.26,25.76,4.17,52,1.0 serving (1 hot dog),5.34,13.4,2.17
18201,"Cookies, peanut butter sandwich, special dietary",10,34,50.8,28.35,1.0 oz,2.83,9.64,14.4
18084,"Bread, stuffing, cornbread, dry mix",10,4.2,76.7,28.35,1.0 oz,2.83,1.19,21.74
8049,"Cereals ready-to-eat, QUAKER, QUAKER OAT LIFE, plain",9.98,4.43,77.74,32,0.75 cup (1 NLEA serving),3.19,1.42,24.88
7952,"Bologna, chicken, turkey, pork",9.88,26.18,5.65,28,1.0 serving,2.77,7.33,1.58
11048,"Beans, pinto, immature seeds, frozen, unprepared",9.8,0.5,32.5,94,0.33 package (10 oz),9.21,0.47,30.55
18233,"Crackers, wheat, sandwich, with cheese filling",9.8,25,58.2,14.2,0.5 oz,1.39,3.55,8.26
2043,"Spices, turmeric, ground",9.68,3.25,67.14,3,1.0 tsp,0.29,0.1,2.01
19437,"Snacks, potato chips, fat free, salted",9.64,0.6,83.76,28.35,1.0 oz,2.73,0.17,23.75
23297,"Beef, Australian, imported, grass-fed, seam fat, raw",9.58,57.73,1.06,113,4.0 oz,10.83,65.23,1.2
5674,"Chicken, skin (drumsticks and thighs), raw",9.58,44.23,0.79,113,4.0 oz,10.83,49.98,0.89
15171,"Mollusks, oyster, Pacific, raw",9.45,2.3,4.95,50,1.0 medium,4.72,1.15,2.48
20314,"Corn grain, white",9.42,4.74,74.26,166,1.0 cup,15.64,7.87,123.27
18955,"Bread, pan dulce, sweet yeast bread",9.42,11.58,56.38,63,1.0 slice (average weight of 1 slice),5.93,7.3,35.52
17270,"Veal, breast, separable fat, cooked",9.4,53.35,0,28.35,1.0 oz,2.66,15.12,0
18236,"Cracker, meal",9.3,1.7,80.9,28.35,1.0 oz,2.64,0.48,22.94
18230,"Crackers, standard snack-type, sandwich, with cheese filling",9.3,21.1,61.7,14.2,0.5 oz,1.32,3,8.76
18040,"Bread, oatmeal, toasted",9.2,4.8,52.7,28.35,1.0 oz,2.61,1.36,14.94
18241,"Croissants, cheese",9.2,20.9,47,28.35,1.0 oz,2.61,5.93,13.32
8628,"Cereals ready-to-eat, QUAKER, Maple Brown Sugar LIFE Cereal",9.17,4.06,78.86,32,0.75 cup (1 NLEA serving),2.93,1.3,25.24
1031,"Cheese, neufchatel",9.15,22.78,3.59,28.35,1.0 oz,2.59,6.46,1.02
2042,"Spices, thyme, dried",9.11,7.43,63.94,1,"1.0 tsp, leaves",0.09,0.07,0.64
18041,"Bread, pita, white, enriched",9.1,1.2,55.7,60,"1.0 pita, large (6-1/2 dia)",5.46,0.72,33.42
18260,"Muffins, English, mixed-grain (includes granola)",9.1,1.8,46.3,28.35,1.0 oz,2.58,0.51,13.13
14063,"Beverages, chocolate powder, no sugar added",9.09,4.5,68.31,11,2.0 tbsp,1,0.49,7.51
19052,"Snacks, rice cakes, brown rice, buckwheat",9,3.5,80.1,9,1.0 cake,0.81,0.32,7.21
18227,"Crackers, rye, wafers, seasoned",9,9.2,73.8,14.2,0.5 oz,1.28,1.31,10.48
18070,"Bread, white, commercially prepared, toasted",9,4,54.5,28.35,1.0 oz,2.55,1.13,15.45
2021,"Spices, ginger, ground",8.98,4.24,71.62,1.8,1.0 tsp,0.16,0.08,1.29
11284,"Onions, dehydrated flakes",8.95,0.46,83.28,5,1.0 tbsp,0.45,0.02,4.16
18185,"Cookies, peanut butter, commercially prepared, regular",8.92,23.82,58.15,28.35,1.0 oz,2.53,6.75,16.49
18927,"Crackers, cheese, sandwich-type with cheese filling",8.92,24.41,58.76,39,6.0 cracker 1 cracker = 6.5g,3.48,9.52,22.92
15244,"Mollusks, oyster, eastern, wild, cooked, dry heat",8.87,2.65,4.23,85,3.0 oz,7.54,2.25,3.6
8673,"Cereals, ready-to-eat, MALT-O-MEAL, Blueberry Mini SPOONERS",8.81,1.92,79.4,55,1.0 cup (1 NLEA serving),4.85,1.06,43.67
11316,"Peas, mature seeds, sprouted, raw",8.8,0.68,27.11,120,1.0 cup,10.56,0.82,32.53
18190,"Cookies, peanut butter sandwich, regular",8.8,21.1,65.6,28.35,1.0 oz,2.49,5.98,18.6
19098,"Candies, 5TH AVENUE Candy Bar",8.78,23.98,62.68,56,1.0 bar 2 oz,4.92,13.43,35.1
18973,"Focaccia, Italian flatbread, plain",8.77,7.89,35.82,57,1.0 piece,5,4.5,20.42
15168,"Mollusks, oyster, eastern, cooked, breaded and fried",8.77,12.58,11.62,85,3.0 oz,7.45,10.69,9.88
18616,"Mission Foods, Mission Flour Tortillas, Soft Taco, 8 inch",8.7,6,49.6,51,1.0 serving,4.44,3.06,25.3
18057,"Bread, reduced-calorie, white",8.7,2.5,44.3,28.35,1.0 oz,2.47,0.71,12.56
19424,"Snacks, tortilla chips, nacho-flavor, reduced fat",8.7,15.2,71.6,28.35,1.0 oz,2.47,4.31,20.3
18025,"Bread, cracked-wheat",8.7,3.9,49.5,28.35,1.0 oz,2.47,1.11,14.03
18631,"Pillsbury, Crusty French Loaf, refrigerated dough",8.59,2.88,46.35,52,1.0 serving,4.47,1.5,24.1
11237,"Kanpyo, (dried gourd strips)",8.58,0.56,65.03,6.3,1.0 strip,0.54,0.04,4.1
6957,"Gravy, brown instant, dry",8.53,11.85,59.78,6.7,1.0 serving,0.57,0.79,4.01
18060,"Bread, rye",8.5,3.3,48.3,28.35,1.0 oz,2.41,0.94,13.69
19414,"Snacks, rice cakes, brown rice, multigrain",8.5,3.5,80.1,9,1.0 cake,0.77,0.32,7.21
11196,"Cowpeas (blackeyes), immature seeds, frozen, cooked, boiled, drained, without salt",8.49,0.66,23.76,170,1.0 cup,14.43,1.12,40.39
11453,"Soybeans, mature seeds, sprouted, cooked, steamed",8.47,4.45,6.53,94,1.0 cup,7.96,4.18,6.14
20317,"Corn flour, yellow, masa, enriched",8.46,3.69,76.59,114,1.0 cup,9.64,4.21,87.31
19444,"Snacks, tortilla chips, low fat, made with olestra, nacho cheese",8.44,3.53,65.22,28.35,1.0 oz,2.39,1,18.49
20648,"Sorghum flour, whole-grain",8.43,3.34,76.64,121,1.0 cup,10.2,4.04,92.73
20324,"Cornmeal, white, self-rising, bolted, with wheat flour added, enriched",8.41,2.85,73.43,170,1.0 cup,14.3,4.84,124.83
20325,"Cornmeal, white, self-rising, degermed, enriched",8.41,1.72,74.79,138,1.0 cup,11.61,2.37,103.21
19413,"Snacks, rice cakes, brown rice, corn",8.4,3.2,81.2,9,1.0 cake,0.76,0.29,7.31
18963,"Garlic bread, frozen",8.36,16.61,41.72,43,1.0 slice presliced,3.59,7.14,17.94
11378,"Potatoes, mashed, dehydrated, flakes without milk, dry form",8.34,0.41,81.17,60,1.0 cup,5,0.25,48.7
18239,"Croissants, butter",8.2,21,45.8,28.35,1.0 oz,2.32,5.95,12.98
16017,"Beans, black turtle, mature seeds, cooked, boiled, without salt",8.18,0.35,24.35,185,1.0 cup,15.13,0.65,45.05
20320,"Cornmeal, whole-grain, white",8.12,3.59,76.89,122,1.0 cup,9.91,4.38,93.81
18970,"Tortillas, ready-to-bake or -fry, flour, shelf stable",8.01,7.58,49.27,49,1.0 tortilla,3.92,3.71,24.14
18010,"Biscuits, plain or buttermilk, dry mix",8,15.4,63.4,120,"1.0 cup, purchased",9.6,18.48,76.08
18612,"Mckee Baking, Little Debbie Nutty Bars, Wafers with Peanut Butter, Chocolate Covered",8,32.8,55.2,57,1.0 serving,4.56,18.7,31.46
18245,"Danish pastry, cheese",8,21.9,37.2,28.35,1.0 oz,2.27,6.21,10.55
1095,"Milk, canned, condensed, sweetened",7.91,8.7,54.4,38.2,1.0 fl oz,3.02,3.32,20.78
8633,"Cereals ready-to-eat, POST, HONEY BUNCHES OF OATS with vanilla bunches",7.9,5.1,81.8,56,1.0 cup (1 NLEA serving),4.42,2.86,45.81
18615,"Martha White Foods, Martha White's Buttermilk Biscuit Mix, dry",7.81,13.23,59.41,41,1.0 serving,3.2,5.42,24.36
19702,"Gelatin desserts, dry mix, with added ascorbic acid, sodium-citrate and salt",7.8,0,90.5,85,1.0 package (3 oz),6.63,0,76.92
19423,"Snacks, potato chips, fat-free, made with olestra",7.74,0.7,65,28.35,1.0 oz,2.19,0.2,18.43
19007,"Snacks, corn-based, extruded, onion-flavor",7.7,22.6,65.1,28.35,1.0 oz,2.18,6.41,18.46
2004,"Spices, bay leaf",7.61,8.36,74.97,0.6,"1.0 tsp, crumbled",0.05,0.05,0.45
18051,"Bread, reduced-calorie, oatmeal",7.6,3.5,43.3,28.35,1.0 oz,2.15,0.99,12.28
11039,"Lima beans, immature seeds, frozen, baby, unprepared",7.59,0.44,25.14,164,1.0 cup,12.45,0.72,41.23
1097,"Milk, canned, evaporated, nonfat, with added vitamin A and vitamin D",7.55,0.2,11.35,31.9,1.0 fl oz,2.41,0.06,3.62
1036,"Cheese, ricotta, whole milk",7.54,10.18,7.27,124,0.5 cup,9.35,12.62,9.01
19268,"Candies, dark chocolate coated coffee beans",7.5,30,59.95,40,1.0 serving 28 pieces,3,12,23.98
8657,"Cereals ready-to-eat, BARBARA'S PUFFINS, original",7.41,3.7,84,27,0.75 cup (1 NLEA serving),2,1,22.68
18240,"Croissants, apple",7.4,8.7,37.1,28.35,1.0 oz,2.1,2.47,10.52
18232,"Crackers, wheat, regular",7.3,16.4,70.73,34,16.0 crackers 1 serving,2.48,5.58,24.05
18621,"Nabisco, Nabisco Ritz Crackers",7.23,23.21,63.51,3.3,1.0 cracker,0.24,0.77,2.1
20090,"Rice flour, brown",7.23,2.78,76.48,158,1.0 cup,11.42,4.39,120.84
19058,"Snacks, tortilla chips, ranch-flavor",7.19,24.63,62.74,28.35,1.0 oz,2.04,6.98,17.79
19306,"Candies, MARS SNACKFOOD US, POP'ABLES SNICKERS Brand Bite Size Candies",7.15,24.32,61.07,39,1.0 serving 13 pieces,2.79,9.48,23.82
18966,"Crackers, saltines, whole wheat (includes multi-grain)",7.14,10.71,68.25,14,1.0 serving,1,1.5,9.55
20444,"Rice, white, long-grain, regular, raw, unenriched",7.13,0.66,79.95,185,1.0 cup,13.19,1.22,147.91
18953,"Bread, salvadoran sweet cheese (quesadilla salvadorena)",7.12,17.12,47.84,55,1.0 serving (approximate serving size),3.92,9.42,26.31
18608,"Keebler, Keebler Chocolate Graham SELECTS",7.1,16.6,71.8,31,1.0 serving,2.2,5.15,22.26
8665,"Cereals ready-to-eat, POST HONEY BUNCHES OF OATS with cinnamon bunches",7.1,5,82.8,30,0.75 cup (1 NLEA serving),2.13,1.5,24.84
18954,"Bread, pound cake type, pan de torta salvadoran",7.06,17.45,51.29,55,1.0 serving,3.88,9.6,28.21
18961,"Crackers, cream, Gamesa Sabrosas",7.01,20.37,64.55,31,11.0 crackers (1 NLEA serving),2.17,6.31,20.01
18244,"Danish pastry, cinnamon, enriched",7,22.4,44.6,28.35,1.0 oz,1.98,6.35,12.64
19412,"Snacks, potato chips, made from dried potatoes, cheese-flavor",7,37,50.6,28.35,1.0 oz,1.98,10.49,14.35
18617,"Nabisco, Nabisco Grahams Crackers",6.99,10,76.2,28,1.0 serving,1.96,2.8,21.34
16162,"MORI-NU, Tofu, silken, firm",6.9,2.7,2.4,84,1.0 slice,5.8,2.27,2.02
12108,"Nuts, coconut meat, dried (desiccated), not sweetened",6.88,64.53,23.65,28.35,1.0 oz,1.95,18.29,6.7
1096,"Milk, canned, evaporated, with added vitamin D and without added vitamin A",6.81,7.56,10.04,31.5,1.0 fl oz,2.15,2.38,3.16
11032,"Lima beans, immature seeds, cooked, boiled, drained, without salt",6.81,0.32,23.64,170,1.0 cup,11.58,0.54,40.19
18956,"Keikitos (muffins), Latino bakery item",6.81,25.24,53.16,42,1.0 piece,2.86,10.6,22.33
2039,"Spices, savory, ground",6.73,5.91,68.73,1.4,1.0 tsp,0.09,0.08,0.96
2022,"Spices, mace, ground",6.71,32.38,50.5,1.7,1.0 tsp,0.11,0.55,0.86
6930,"Sauce, cheese, ready-to-serve",6.71,13.29,6.83,63,0.25 cup,4.23,8.37,4.3
19415,"Snacks, potato sticks",6.7,34.4,53.3,28.35,1.0 oz,1.9,9.75,15.11
18024,"Bread, cornbread, prepared from recipe, made with low fat (2%) milk",6.7,7.1,43.5,28.35,1.0 oz,1.9,2.01,12.33
19913,"Candies, NESTLE, BUTTERFINGER Crisp",6.67,18.33,68.45,60,1.0 piece,4,11,41.07
18014,"Biscuits, plain or buttermilk, refrigerated dough, higher fat",6.66,10.58,46.32,58,1.0 biscuit,3.86,6.14,26.87
11040,"Lima beans, immature seeds, frozen, baby, cooked, boiled, drained, without salt",6.65,0.3,19.45,180,1.0 cup,11.97,0.54,35.01
18229,"Crackers, standard snack-type, regular",6.64,26.43,61.3,16,5.0 crackers,1.06,4.23,9.81
18157,"Cookies, chocolate wafers",6.6,14.2,72.7,28.35,1.0 oz,1.87,4.03,20.61
18032,"Bread, irish soda, prepared from recipe",6.6,5,56,28.35,1.0 oz,1.87,1.42,15.88
18023,"Bread, cornbread, dry mix, prepared with 2% milk, 80% margarine, and eggs",6.59,9.58,54.46,51,1.0 muffin,3.36,4.89,27.77
6049,"Soup, pea, green, canned, condensed",6.54,2.23,20.18,128,0.5 cup,8.37,2.85,25.83
19042,"Snacks, potato chips, barbecue-flavor",6.51,31.06,55.92,28.35,1.0 oz,1.85,8.81,15.85
6731,"Soup, bean with bacon, condensed, single brand",6.5,2.1,18,128,1.0 serving 1/2 cup,8.32,2.69,23.04
18629,"Pillsbury, Buttermilk Biscuits, Artificial Flavor, refrigerated dough",6.4,2.79,47.07,64,1.0 biscuit,4.1,1.79,30.12
11037,"Lima beans, immature seeds, frozen, fordhook, unprepared",6.4,0.35,19.83,160,1.0 cup,10.24,0.56,31.73
8018,"Cereals ready-to-eat, QUAKER, QUAKER CRUNCHY BRAN",6.37,4.06,83.68,27,0.75 cup (1 NLEA serving),1.72,1.1,22.59
11215,"Garlic, raw",6.36,0.5,33.06,136,1.0 cup,8.65,0.68,44.96
8156,"Cereals ready-to-eat, rice, puffed, fortified",6.3,0.5,89.8,14,1.0 cup,0.88,0.07,12.57
8100,"Cereals, CREAM OF RICE, dry",6.3,0.5,82.4,45,0.25 cup (1 NLEA serving),2.83,0.23,37.08
17284,"Lamb, Australian, imported, fresh, separable fat, raw",6.27,68.87,0,28.35,1.0 oz,1.78,19.52,0
19250,"Candies, HERSHEY, KIT KAT BIG KAT Bar",6.24,27.84,63.64,55,1.0 bar 1.94 oz,3.43,15.31,35
19138,"Candies, truffles, prepared-from-recipe",6.21,33.76,44.88,12,1.0 piece,0.75,4.05,5.39
18009,"Biscuits, plain or buttermilk, frozen, baked",6.2,11.03,53.87,28.35,1.0 oz,1.76,3.13,15.27
6742,"Soup, vegetable beef, microwavable, ready-to-serve, single brand",6.2,0.7,3.3,292,1.0 serving,18.1,2.04,9.64
18178,"Cookies, oatmeal, commercially prepared, regular",6.2,18.1,68.7,28.35,1.0 oz,1.76,5.13,19.48
18154,"Cookies, brownies, prepared from recipe",6.2,29.1,50.2,28.35,1.0 oz,1.76,8.25,14.23
1017,"Cheese, cream",6.15,34.44,5.52,14.5,1.0 tbsp,0.89,4.99,0.8
19903,"Chocolate, dark, 60-69% cacao solids",6.12,38.31,52.42,28.35,1.0 oz,1.74,10.86,14.86
18126,"Cake, shortcake, biscuit-type, prepared from recipe",6.1,14.2,48.5,28.35,1.0 oz,1.73,4.03,13.75
18947,"Pie crust, deep dish, frozen, baked, made with enriched flour",6.1,31.84,52.47,202,1.0 pie crust (average weight),12.32,64.32,105.99
18088,"Cake, angelfood, dry mix, prepared",6.1,0.3,58.7,50,1.0 piece (1/12 of 10 dia),3.05,0.15,29.35
18017,"Biscuits, mixed grain, refrigerated dough",6.1,5.6,47.4,28.35,1.0 oz,1.73,1.59,13.44
18943,"Pie Crust, Cookie-type, Chocolate, Ready Crust",6.08,22.42,64.48,182,1.0 crust,11.07,40.8,117.35
16018,"Beans, black turtle, mature seeds, canned",6.03,0.29,16.55,240,1.0 cup,14.47,0.7,39.72
8046,"Cereals ready-to-eat, POST, Honeycomb Cereal",6.01,2.93,86.63,32,1.0 cup (1 NLEA serving),1.92,0.94,27.72
21415,"POPEYES, biscuit",6,23.71,40.95,60,1.0 biscuit,3.6,14.23,24.57
18183,"Cookies, oatmeal, refrigerated dough, baked",6,21,65.7,28.35,1.0 oz,1.7,5.95,18.63
1109,"Milk, sheep, fluid",5.98,7,5.36,245,1.0 cup,14.65,17.15,13.13
18158,"Cookies, chocolate chip, commercially prepared, regular, lower fat",5.97,17.91,67.49,34,1.0 serving 3 cookies,2.03,6.09,22.95
18086,"Cake, angelfood, commercially prepared",5.9,0.8,57.8,28,1.0 piece (1/12 of 12 oz cake),1.65,0.22,16.18
18936,"Pancakes, plain, frozen, ready-to-heat, microwave (includes buttermilk)",5.88,4.73,43.33,28.35,1.0 oz,1.67,1.34,12.28
18184,"Cookies, oatmeal, with raisins",5.86,15.76,68.95,28.35,1.0 oz,1.66,4.47,19.55
2025,"Spices, nutmeg, ground",5.84,36.31,49.29,2.2,1.0 tsp,0.13,0.8,1.08
18610,"Continental Mills, Krusteaz Almond Poppyseed Muffin Mix, Artificially Flavored, dry",5.6,10.3,75.6,40,1.0 serving,2.24,4.12,30.24
18177,"Cookies, molasses",5.6,12.8,73.8,28.35,1.0 oz,1.59,3.63,20.92
19248,"Candies, HERSHEY'S, ALMOND JOY BITES",5.58,34.5,57.54,40,18.0 pieces,2.23,13.8,23.02
18945,"Pie crust, deep dish, frozen, unbaked, made with enriched flour",5.52,28.74,46.79,225,1.0 pie crust (average weight),12.42,64.67,105.28
18147,"Cake, cheesecake, commercially prepared",5.5,22.5,25.5,28.35,1.0 oz,1.56,6.38,7.23
18108,"Cake, coffeecake, cinnamon with crumb topping, dry mix, prepared",5.5,9.6,52.8,28.35,1.0 oz,1.56,2.72,14.97
19008,"Snacks, corn-based, extruded, puffs or twists, cheese-flavor",5.46,36.54,54.54,28.35,1.0 oz crunchy (about 21 pieces),1.55,10.36,15.46
11304,"Peas, green, raw",5.42,0.4,14.45,145,1.0 cup,7.86,0.58,20.95
19125,Chocolate-flavored hazelnut spread,5.41,29.73,62.36,37,1.0 serving 2 TBSP,2,11,23.07
18133,"Cake, sponge, commercially prepared",5.4,2.7,61,28.35,1.0 oz,1.53,0.77,17.29
18182,"Cookies, oatmeal, refrigerated dough",5.4,18.9,59.1,28.35,1.0 oz,1.53,5.36,16.75
19069,"Candies, NESTLE, BUTTERFINGER Bar",5.4,18.9,72.9,60,1.0 serving 2.1 oz bar,3.24,11.34,43.74
18192,"Cookies, shortbread, commercially prepared, plain",5.37,26.22,63.78,28.35,1.0 oz,1.52,7.43,18.08
18204,"Cookies, sugar, commercially prepared, regular (includes vanilla)",5.35,19.55,67.34,28.35,1.0 oz,1.52,5.54,19.09
18101,"Cake, chocolate, prepared from recipe without frosting",5.3,15.1,53.4,95,1.0 piece (1/12 of 9 dia),5.04,14.35,50.73
18146,"Cake, yellow, prepared from recipe without frosting",5.3,14.6,53,68,1.0 piece (1/12 of 8 dia),3.6,9.93,36.04
18186,"Cookies, peanut butter, commercially prepared, soft-type",5.3,24.4,57.7,28.35,1.0 oz,1.5,6.92,16.36
19893,"Ice creams, BREYERS, All Natural Light French Chocolate",5.3,7.28,29.68,68,1.0 serving 1/2 cup,3.6,4.95,20.18
12114,"Nuts, coconut meat, dried (desiccated), toasted",5.3,47,44.4,28.35,1.0 oz,1.5,13.32,12.59
1117,"Yogurt, plain, low fat",5.25,1.55,7.04,170,1.0 container (6 oz),8.93,2.63,11.97
15245,"Mollusks, oyster, eastern, farmed, raw",5.22,1.55,5.53,85,3.0 oz,4.44,1.32,4.7
18166,"Cookies, chocolate sandwich, with creme filling, regular",5.21,19.14,71,36,3.0 cookie,1.88,6.89,25.56
16009,"Beans, baked, canned, with pork",5.19,1.55,19.99,253,1.0 cup,13.13,3.92,50.57
19010,"Snacks, crisped rice bar, chocolate chip",5.1,13.5,73,28,1.0 bar (1 oz),1.43,3.78,20.44
18159,"Cookies, chocolate chip, commercially prepared, regular, higher fat, enriched",5.1,24.72,65.36,12.9,1.0 cookie,0.66,3.19,8.43
19905,"Candies, chocolate, dark, NFS (45-59% cacao solids 90%; 60-69% cacao solids 5%; 70-85% cacao solids 5%)",5.09,32.2,59.97,28.35,1.0 oz,1.44,9.13,17
19445,"Snacks, potato chips, made from dried potatoes, fat-free, made with olestra",5.06,0.93,56,28.35,1.0 oz,1.43,0.26,15.88
6015,"Soup, chicken, canned, chunky, ready-to-serve",5.06,2.64,6.88,245,1.0 cup,12.4,6.47,16.86
20112,"Noodles, egg, spinach, enriched, cooked",5.04,1.57,24.25,160,1.0 cup,8.06,2.51,38.8
19145,"Candies, NESTLE, CRUNCH Bar and Dessert Topping",5,26,67,44,1.0 bar 1.55 oz,2.2,11.44,29.48
18105,"Cake, coffeecake, creme-filled with chocolate frosting",5,10.8,53.8,28.35,1.0 oz,1.42,3.06,15.25
9173,"Longans, dried",4.9,0.4,74,1.7,1.0 fruit,0.08,0.01,1.26
18193,"Cookies, shortbread, commercially prepared, pecan",4.9,32.5,58.3,28.35,1.0 oz,1.39,9.21,16.53
9030,"Apricots, dehydrated (low-moisture), sulfured, uncooked",4.9,0.62,82.89,119,1.0 cup,5.83,0.74,98.64
1070,"Dessert topping, powdered",4.9,39.92,52.54,43,1.0 oz,2.11,17.17,22.59
18533,"Archway Home Style Cookies, Iced Oatmeal",4.89,16.53,66.76,28,1.0 serving,1.37,4.63,18.69
1122,"Yogurt, fruit, low fat, 11g protein/8 oz",4.86,1.41,18.6,170,1.0 container (6 oz),8.26,2.4,31.62
19875,"Ice creams, BREYERS, All Natural Light Vanilla",4.84,4.59,25.3,68,1.0 serving 1/2 cup,3.29,3.12,17.2
6002,"Soup, black bean, canned, condensed",4.83,1.32,15.42,257,1.0 cup (8 fl oz),12.41,3.39,39.63
18200,"Cookies, oatmeal, commercially prepared, special dietary",4.8,18,69.9,28.35,1.0 oz,1.36,5.1,19.82
8015,"Cereals ready-to-eat, POST, COCOA PEBBLES",4.8,4.1,85.7,29,0.75 cup (1 NLEA serving),1.39,1.19,24.85
18619,"Nabisco, Nabisco Oreo Crunchies, Cookie Crumb Topping",4.78,21.5,70.23,11,1.0 serving,0.53,2.37,7.73
19146,"Baking chocolate, MARS SNACKFOOD US, M & M's Milk Chocolate Mini Baking Bits",4.78,23.36,68.4,14,"1.0 serving 0.5 oz, about 1 tbsp",0.67,3.27,9.58
18566,"Artificial Blueberry Muffin Mix, dry",4.7,8.7,77.45,31,1.0 muffin,1.46,2.7,24.01
18939,"Toaster pastries, fruit, toasted (include apple, blueberry, cherry, strawberry)",4.7,11.03,72.7,51,1.0 pastry,2.4,5.63,37.08
19879,"Ice creams, BREYERS, All Natural Light Mint Chocolate Chip",4.69,7.09,28.39,68,1.0 serving 1/2 cup,3.19,4.82,19.31
18527,"Archway Home Style Cookies, Date Filled Oatmeal",4.67,12.05,68.16,25,1.0 serving,1.17,3.01,17.04
6050,"Soup, pea, split with ham, canned, chunky, ready-to-serve",4.62,1.66,11.17,240,1.0 cup,11.09,3.98,26.81
19142,"Candies, MOUNDS Candy Bar",4.6,26.6,58.88,19,1.0 bar snack size,0.87,5.05,11.19
1057,Eggnog,4.55,4.19,8.05,254,1.0 cup,11.56,10.64,20.45
20410,"Noodles, egg, unenriched, cooked, without added salt",4.54,2.07,25.16,160,1.0 cup,7.26,3.31,40.26
20106,"Macaroni, vegetable, enriched, cooked",4.53,0.11,26.61,134,1.0 cup spiral shaped,6.07,0.15,35.66
18210,"Cookies, vanilla sandwich with creme filling",4.5,20,72.1,28.35,1.0 oz,1.28,5.67,20.44
18199,"Cookies, chocolate sandwich, with creme filling, special dietary",4.5,22.1,68,28.35,1.0 oz,1.28,6.27,19.28
11006,"Arrowhead, cooked, boiled, drained, without salt",4.49,0.1,16.14,12,1.0 medium,0.54,0.01,1.94
19139,"Baking chocolate, MARS SNACKFOOD US, M & M's Semisweet Chocolate Mini Baking Bits",4.44,26.15,65.96,14,"1.0 serving 0.5 oz, about 1 tbsp",0.62,3.66,9.23
18614,"Martha White Foods, Martha White's Chewy Fudge Brownie Mix, dry",4.42,6.16,83.58,28,1.0 serving,1.24,1.72,23.4
18969,"Cream puff, eclair, custard or cream filled, iced",4.41,18.52,37.43,113,4.0 oz,4.98,20.93,42.3
18304,"Pie, banana cream, prepared from recipe",4.4,13.6,32.9,28.35,1.0 oz,1.25,3.86,9.33
18640,"Heinz, Weight Watcher, Chocolate Eclair, frozen",4.4,6.9,40.3,59,"1.0 eclair, frozen",2.6,4.07,23.78
19101,"Candies, fudge, chocolate, with nuts, prepared-from-recipe",4.38,18.93,68.15,28.35,1.0 oz,1.24,5.37,19.32
18544,"Archway Home Style Cookies, Raspberry Filled",4.35,13.26,65.92,25,1.0 serving,1.09,3.31,16.48
18635,"Pillsbury, Cinnamon Rolls with Icing, refrigerated dough",4.34,11.27,53.42,44,1.0 serving 1 roll with icing,1.91,4.96,23.5
19141,"Candies, MARS SNACKFOOD US, M & M's Milk Chocolate Candies",4.33,21.13,71.19,48,1.0 package (1.69 oz),2.08,10.14,34.17
18168,"Cookies, chocolate sandwich, with extra creme filling",4.33,24.52,68.2,28.35,1.0 oz,1.23,6.95,19.33
19874,"Frozen novelties, KLONDIKE, SLIM-A-BEAR Fudge Bar, 98% fat free, no sugar added",4.31,1.88,30.07,74,1.0 serving 3.5 fl oz bar,3.19,1.39,22.25
11364,"Potatoes, baked, skin, without salt",4.29,0.1,46.06,58,1.0 skin,2.49,0.06,26.71
18535,"Archway Home Style Cookies, Molasses",4.25,12.06,69.41,26,1.0 serving,1.1,3.14,18.05
18940,"Muffin, blueberry, commercially prepared, low-fat",4.23,4.22,50.05,71,1.0 muffin small,3,3,35.54
11029,"Beans, kidney, mature seeds, sprouted, raw",4.2,0.5,4.1,184,1.0 cup,7.73,0.92,7.54
11526,"Taro, tahitian, cooked, without salt",4.16,0.68,6.85,137,1.0 cup slices,5.7,0.93,9.38
19182,"Desserts, mousse, chocolate, prepared-from-recipe",4.14,16,16.07,808,1.0 recipe yield,33.45,129.28,129.85
11201,"Cowpeas, leafy tips, raw",4.1,0.25,4.82,36,"1.0 cup, chopped",1.48,0.09,1.74
20117,"Noodles, japanese, somen, cooked",4,0.18,27.54,176,1.0 cup,7.04,0.32,48.47
2010,"Spices, cinnamon, ground",3.99,1.24,80.59,2.6,1.0 tsp,0.1,0.03,2.1
18163,"Cookies, chocolate chip, refrigerated dough",3.98,21.33,61.02,33,1.0 serving,1.31,7.04,20.14
1120,"Yogurt, fruit, low fat,9 g protein/8 oz",3.98,1.15,18.64,170,1.0 container (6 oz),6.77,1.95,31.69
19260,"Ice creams, vanilla, light, no sugar added",3.97,7.45,21.42,68,1.0 serving 1/2 cup,2.7,5.07,14.57
1087,"Milk, nonfat, fluid, protein fortified, with added vitamin A and vitamin D (fat free and skim)",3.96,0.25,5.56,246,1.0 cup,9.74,0.61,13.68
1081,"Milk, reduced fat, fluid, 2% milkfat, protein fortified, with added vitamin A and vitamin D",3.95,1.98,5.49,246,1.0 cup,9.72,4.87,13.51
1084,"Milk, lowfat, fluid, 1% milkfat, protein fortified, with added vitamin A and vitamin D",3.93,1.17,5.52,246,1.0 cup,9.67,2.88,13.58
20143,"Teff, cooked",3.87,0.65,19.86,252,1.0 cup,9.75,1.64,50.05
6009,"Soup, beef noodle, canned, condensed",3.85,2.46,7.16,125,0.5 cup,4.81,3.08,8.95
18209,"Cookies, sugar wafers with creme filling, regular",3.84,23.24,70.64,36,3.0 cookies,1.38,8.37,25.43
18630,"Pillsbury, Chocolate Chip Cookies, refrigerated dough",3.82,21.26,60.75,38,1.0 serving 2 cookies,1.45,8.08,23.09
6116,"Gravy, beef, canned, ready-to-serve",3.75,2.36,4.81,233,1.0 cup,8.74,5.5,11.21
5047,"Chicken, broilers or fryers, separable fat, raw",3.73,67.95,0,12.8,1.0 tbsp,0.48,8.7,0
18170,"Cookies, fig bars",3.7,7.3,70.9,28.35,1.0 oz,1.05,2.07,20.1
11232,"Jute, potherb, cooked, boiled, drained, without salt",3.68,0.2,7.29,87,1.0 cup,3.2,0.17,6.34
19871,"Frozen novelties, No Sugar Added, FUDGSICLE pops",3.67,1.87,23.11,84,1.0 serving,3.08,1.57,19.41
12115,"Nuts, coconut cream, raw (liquid expressed from grated meat)",3.63,34.68,6.65,15,1.0 tbsp,0.54,5.2,1
1071,"Dessert topping, powdered, 1.5 ounce prepared with 1/2 cup milk",3.61,12.72,17.13,80,1.0 cup,2.89,10.18,13.7
18202,"Cookies, sugar wafer, with creme filling, sugar free",3.57,28.57,66.26,28.35,1.0 oz,1.01,8.1,18.78
14632,"Beverages, Meal supplement drink, canned, peanut flavor",3.5,3.07,14.74,158,1.0 cup,5.53,4.85,23.29
18532,"Archway Home Style Cookies, Iced Molasses",3.5,14.43,69.12,28,1.0 serving,0.98,4.04,19.35
18128,"Cake, snack cakes, creme-filled, sponge",3.47,11.54,64.03,28.35,1.0 oz,0.98,3.27,18.15
1116,"Yogurt, plain, whole milk",3.47,3.25,4.66,170,1.0 container (6 oz),5.9,5.53,7.92
2045,"Dill weed, fresh",3.46,1.12,7.02,1,5.0 sprigs,0.03,0.01,0.07
9085,"Currants, zante, dried",3.43,0.22,76.98,144,1.0 cup,4.94,0.32,110.85
6395,"CAMPBELL'S CHUNKY, Classic Chicken Noodle Soup",3.41,1.3,5.41,243,1.0 cup,8.29,3.16,13.15
19438,"Snacks, KELLOGG, KELLOGG'S RICE KRISPIES TREATS Squares",3.4,9,80.5,22,1.0 serving,0.75,1.98,17.71
11098,"Brussels sprouts, raw",3.38,0.3,8.95,88,1.0 cup,2.97,0.26,7.88
11575,"Turnip greens, frozen, cooked, boiled, drained, without salt",3.35,0.42,4.98,164,1.0 cup,5.49,0.69,8.17
11892,"Turnip greens, frozen, cooked, boiled, drained, with salt",3.35,0.42,4.98,82,0.5 cup,2.75,0.34,4.08
14045,"Beverages, UNILEVER, SLIMFAST, meal replacement, regular, ready-to-drink,  3-2-1 Plan",3.32,1.93,7.74,295,1.0 bottle,9.79,5.69,22.83
1078,"Milk, producer, fluid, 3.7% milkfat",3.28,3.66,4.65,244,1.0 cup,8,8.93,11.35
11243,"Mushrooms, portabella, grilled",3.28,0.58,4.44,121,1.0 cup sliced,3.97,0.7,5.37
1058,"Sour dressing, non-butterfat, cultured, filled cream-type",3.25,16.57,4.68,12,1.0 tbsp,0.39,1.99,0.56
19193,"Puddings, rice, ready-to-eat",3.23,2.15,18.39,113,1.0 serving 4 oz pudding cup,3.65,2.43,20.78
1054,"Cream, whipped, cream topping, pressurized",3.2,22.22,12.49,60,1.0 cup,1.92,13.33,7.49
6749,"Soup, beef and vegetables, canned, ready-to-serve",3.18,1.16,6.16,250,1.0 cup,7.95,2.9,15.4
1102,"Milk, chocolate, fluid, commercial, whole, with added vitamin A and vitamin D",3.17,3.39,10.34,250,1.0 cup,7.92,8.47,25.85
11192,"Cowpeas (blackeyes), immature seeds, cooked, boiled, drained, without salt",3.17,0.38,20.32,165,1.0 cup,5.23,0.63,33.53
11096,"Broccoli raab, raw",3.17,0.49,2.85,40,1.0 cup chopped,1.27,0.2,1.14
19189,"Puddings, chocolate, dry mix, regular, prepared with whole milk",3.16,3.15,19.64,142,0.5 cup,4.49,4.47,27.89
1049,"Cream, fluid, half and half",3.13,11.5,4.3,30.2,1.0 fl oz,0.95,3.47,1.3
12109,"Nuts, coconut meat, dried (desiccated), sweetened, flaked, packaged",3.13,27.99,51.85,85,1.0 cup,2.66,23.79,44.07
11093,"Broccoli, frozen, chopped, cooked, boiled, drained, without salt",3.1,0.12,5.35,184,1.0 cup,5.7,0.22,9.84
4016,"Salad dressing, sesame seed dressing, regular",3.1,45.2,8.6,15,1.0 tablespoon,0.47,6.78,1.29
11323,"Peas and carrots, frozen, cooked, boiled, drained, without salt",3.09,0.42,10.12,278,1.0 package (10 oz) yields,8.59,1.17,28.13
6045,"Soup, onion, canned, condensed",3.06,1.42,6.68,123,0.5 cup (4 fl oz),3.76,1.75,8.22
1110,"Milk shakes, thick chocolate",3.05,2.7,21.15,28.4,1.0 fl oz,0.87,0.77,6.01
11178,"Corn, sweet, yellow, frozen, kernels cut off cob, unprepared (Includes foods for USDA's Food Distribution Program)",3.02,0.78,20.71,136,1.0 cup,4.11,1.06,28.17
18319,"Pie, fried pies, fruit",3,16.1,42.6,28.35,1.0 oz,0.85,4.56,12.08
18131,"Cake, white, dry mix, special dietary (includes lemon-flavored)",3,8.4,79.6,28.35,1.0 oz,0.85,2.38,22.57
11893,"Turnip greens and turnips, frozen, cooked, boiled, drained, with salt",2.99,0.38,4.74,163,1.0 cup,4.87,0.62,7.73
1103,"Milk, chocolate, fluid, commercial, reduced fat, with added vitamin A and vitamin D",2.99,1.9,12.13,250,1.0 cup,7.47,4.75,30.32
19067,"Candies, TWIZZLERS CHERRY BITES",2.97,1.7,79.38,40,18.0 pieces,1.19,0.68,31.75
1050,"Cream, fluid, light (coffee cream or table cream)",2.96,19.1,3.66,30,1.0 fl oz,0.89,5.73,1.1
11191,"Cowpeas (blackeyes), immature seeds, raw",2.95,0.35,18.83,145,1.0 cup,4.28,0.51,27.3
11019,"Asparagus, frozen, cooked, boiled, drained, without salt",2.95,0.42,1.92,180,1.0 cup,5.31,0.76,3.46
11225,"Hyacinth-beans, immature seeds, cooked, boiled, drained, without salt",2.95,0.27,9.2,87,1.0 cup,2.57,0.23,8
11965,"Cauliflower, green, raw",2.95,0.3,6.09,64,1.0 cup,1.89,0.19,3.9
1055,"Cream, sour, reduced fat, cultured",2.94,12,4.26,15,1.0 tbsp,0.44,1.8,0.64
11233,"Kale, raw",2.92,1.49,4.42,21,1.0 cup,0.61,0.31,0.93
18196,"Cookies, brownies, dry mix, sugar free",2.9,12.5,80.4,28.35,1.0 oz,0.82,3.54,22.79
18085,"Bread, stuffing, cornbread, dry mix, prepared",2.9,8.8,21.9,28.35,1.0 oz,0.82,2.49,6.21
12095,"Nuts, chestnuts, chinese, boiled and steamed",2.88,0.76,33.64,28.35,1.0 oz,0.82,0.22,9.54
11372,"Potatoes, scalloped, home-prepared with butter",2.87,3.68,10.78,245,1.0 cup,7.03,9.02,26.41
11457,"Spinach, raw",2.86,0.39,3.63,30,1.0 cup,0.86,0.12,1.09
1053,"Cream, fluid, heavy whipping",2.84,36.08,--,120,"1.0 cup, whipped",3.41,43.3,--
11092,"Broccoli, frozen, chopped, unprepared",2.81,0.29,4.78,156,1.0 cup,4.38,0.45,7.46
11300,"Peas, edible-podded, raw",2.8,0.2,7.55,98,"1.0 cup, chopped",2.74,0.2,7.4
11302,"Peas, edible-podded, frozen, unprepared",2.8,0.3,7.2,144,1.0 cup,4.03,0.43,10.37
11163,"Collards, frozen, chopped, unprepared",2.69,0.37,6.46,95,0.33 package (10 oz),2.56,0.35,6.14
20545,"Rice, white, long-grain, regular, cooked, unenriched, with salt",2.69,0.28,28.17,158,1.0 cup,4.25,0.44,44.51
11235,"Kale, frozen, unprepared",2.66,0.46,4.88,67,1.0 cup,1.78,0.31,3.27
11356,"Potatoes, Russet, flesh and skin, baked",2.63,0.13,21.44,299,1.0 potato large (3 to 4-1/4 dia.,7.86,0.39,64.11
11026,"Bamboo shoots, raw",2.6,0.3,5.2,151,1.0 cup (1/2 slices),3.93,0.45,7.85
3985,"Infant formula, MEAD JOHNSON, ENFAMIL, Premature, with iron, 24 calories, ready-to-feed",2.6,3.9,8.88,30.4,1.0 fl oz,0.79,1.19,2.7
11203,"Cress, garden, raw",2.6,0.7,5.5,50,1.0 cup,1.3,0.35,2.75
19159,"Candies, MARS SNACKFOOD US, 3 MUSKETEERS Bar",2.6,12.75,77.77,60,1.0 serving 2.13 oz bar,1.56,7.65,46.66
11959,"Arugula, raw",2.58,0.66,3.65,2,1.0 leaf,0.05,0.01,0.07
11179,"Corn, sweet, yellow, frozen, kernels cut off cob, boiled, drained, without salt",2.55,0.67,19.3,165,1.0 cup,4.21,1.11,31.84
11200,"Yardlong bean, cooked, boiled, drained, without salt",2.53,0.1,9.18,104,1.0 cup slices,2.63,0.1,9.55
19144,"Candies, NESTLE, 100 GRAND Bar",2.5,19.33,70.97,43,1.0 bar (1.5 oz),1.07,8.31,30.52
11868,"Squash, winter, hubbard, baked, with salt",2.48,0.62,10.81,205,"1.0 cup, cubes",5.08,1.27,22.16
11574,"Turnip greens, frozen, unprepared",2.47,0.31,3.67,82,"0.5 cup, chopped or diced",2.03,0.25,3.01
1056,"Cream, sour, cultured",2.44,19.35,4.63,12,1.0 tbsp,0.29,2.32,0.56
11406,"Potatoes, french fried, cottage-cut, salt not added in processing, frozen, as purchased",2.42,5.78,23.98,65,10.0 strips,1.57,3.76,15.59
12097,"Nuts, chestnuts, european, raw, unpeeled",2.42,2.26,45.54,145,1.0 cup,3.51,3.28,66.03
11176,"Corn, sweet, yellow, canned, vacuum pack, regular pack",2.41,0.5,19.44,210,1.0 cup,5.06,1.05,40.82
11012,"Asparagus, cooked, boiled, drained",2.4,0.22,4.11,90,0.5 cup,2.16,0.2,3.7
9214,"Orange juice, frozen concentrate, unsweetened, undiluted",2.4,0.25,35.19,262,1.0 cup,6.29,0.66,92.2
18095,"Cake, cherry fudge with chocolate frosting",2.4,12.5,38,28.35,1.0 oz,0.68,3.54,10.77
20451,"Rice, white, medium-grain, cooked, unenriched",2.38,0.21,28.59,186,1.0 cup,4.43,0.39,53.18
11351,"Pokeberry shoots, (poke), cooked, boiled, drained, without salt",2.3,0.4,3.1,165,1.0 cup,3.79,0.66,5.12
9428,"Rowal, raw",2.3,2,23.9,114,0.5 cup,2.62,2.28,27.25
6432,"Soup, beef broth, bouillon, consomme, prepared with equal volume water",2.22,0,0.73,241,1.0 cup (8 fl oz),5.35,0,1.76
11361,"Potatoes, roasted, salt added in processing, frozen, unprepared",2.22,1.81,26.15,85,3.0 oz,1.89,1.54,22.23
9231,"Passion-fruit, (granadilla), purple, raw",2.2,0.7,23.38,236,1.0 cup,5.19,1.65,55.18
11086,"Beet greens, raw",2.2,0.13,4.33,38,1.0 cup,0.84,0.05,1.65
19091,"Candies, YORK Peppermint Pattie",2.19,7.17,80.99,43,1.0 patty 1.5 oz,0.94,3.08,34.83
11177,"Corn, sweet, yellow, canned, drained solids, rinsed with tap water",2.18,1.43,13.02,150,"1.0 cup drained, rinsed",3.27,2.15,19.53
1052,"Cream, fluid, light whipping",2.17,30.91,2.96,120,"1.0 cup, whipped",2.6,37.09,3.55
18944,"Pie, Dutch Apple, Commercially Prepared",2.17,11.5,44.54,131,0.12 pie 1 pie (1/8 of 9 pie),2.84,15.06,58.35
11015,"Asparagus, canned, drained solids",2.14,0.65,2.46,242,1.0 cup,5.18,1.57,5.95
11383,"Potatoes, mashed, dehydrated, prepared from granules with milk, water and margarine added",2.13,4.8,16.13,210,1.0 cup,4.47,10.08,33.87
11459,"Spinach, canned, regular pack, solids and liquids",2.11,0.37,2.92,234,1.0 cup,4.94,0.87,6.83
11004,"Amaranth leaves, cooked, boiled, drained, without salt",2.11,0.18,4.11,132,1.0 cup,2.79,0.24,5.43
11620,"Drumstick pods, raw",2.1,0.2,8.53,100,1.0 cup slices,2.1,0.2,8.53
4028,"Salad dressing, mayonnaise, imitation, milk cream",2.1,5.1,11.1,15,1.0 tablespoon,0.32,0.77,1.67
6017,"Soup, chicken gumbo, canned, condensed",2.1,1.14,6.67,126,0.5 cup (4 fl oz),2.65,1.44,8.4
11105,"Burdock root, cooked, boiled, drained, without salt",2.09,0.14,21.15,125,1.0 cup (1 pieces),2.61,0.17,26.44
19183,"Puddings, chocolate, ready-to-eat",2.09,4.6,23.01,28.35,1.0 oz,0.59,1.3,6.52
11873,"Water convolvulus, cooked, boiled, drained, with salt",2.08,0.24,3.7,98,"1.0 cup, chopped",2.04,0.24,3.63
11352,"Potatoes, flesh and skin, raw",2.05,0.09,17.49,75,"0.5 cup, diced",1.54,0.07,13.12
11381,"Potatoes, mashed, dehydrated, prepared from granules without milk, whole milk and butter added",2.05,4.96,14.36,210,1.0 cup,4.3,10.42,30.16
11427,"Purslane, raw",2.03,0.36,3.39,43,1.0 cup,0.87,0.15,1.46
11044,"Mung beans, mature seeds, sprouted, cooked, boiled, drained, without salt",2.03,0.09,4.19,124,1.0 cup,2.52,0.11,5.2
9245,"Peaches, dehydrated (low-moisture), sulfured, stewed",2.01,0.42,34.14,242,1.0 cup,4.86,1.02,82.62
11875,"Sweet potato, cooked, baked in skin, flesh, with salt",2.01,0.15,20.71,114,"1.0 medium (2 dia, 5 long, raw)",2.29,0.17,23.61
18308,"Pie, cherry, commercially prepared",2,11,39.8,28.35,1.0 oz,0.57,3.12,11.28
19436,"Popcorn, sugar syrup/caramel, fat-free",2,1.4,90.06,28.35,1.0 oz,0.57,0.4,25.53
8143,"Cereals, WHEATENA, cooked with water",2,0.5,11.8,243,1.0 cup,4.86,1.22,28.67
8133,"Cereals, oats, instant, fortified, with raisins and spice, prepared with water",1.98,0.95,17.91,240,1.0 cup,4.75,2.28,42.98
3991,"Infant formula, ABBOTT NUTRITION, SIMILAC, GO AND GROW, ready-to-feed, with ARA and DHA",1.97,3.54,6.69,153,5.0 fl oz,3.01,5.42,10.24
9125,"Grapefruit juice, white, frozen concentrate, unsweetened, undiluted",1.97,0.48,34.56,207,1.0 can (6 fl oz),4.08,0.99,71.54
11170,"Corn, sweet, yellow, canned, brine pack, regular pack, solids and liquids",1.95,0.77,13.86,256,1.0 cup,4.99,1.97,35.48
19235,"Puddings, chocolate, ready-to-eat, fat free",1.93,0.3,20.87,113,1.0 serving 4 oz,2.18,0.34,23.58
9138,"Groundcherries, (cape-gooseberries or poha), raw",1.9,0.7,11.2,140,1.0 cup,2.66,0.98,15.68
6023,"Soup, chicken with rice, canned, condensed",1.84,1.56,11.57,126,0.5 cup,2.32,1.97,14.58
8107,"Cereals, CREAM OF WHEAT, instant, prepared with water, without salt",1.84,0.24,13.08,241,1.0 cup,4.43,0.58,31.52
3987,"Infant formula, GERBER, GOOD START 2 Soy, with iron, ready-to-feed",1.84,3.28,7.15,30.4,1.0 fl oz,0.56,1,2.17
11216,"Ginger root, raw",1.82,0.75,17.77,2,1.0 tsp,0.04,0.01,0.36
6955,"Soup, cream of chicken, canned, condensed, reduced sodium",1.8,1.3,9.5,124,0.5 cup,2.23,1.61,11.78
18305,"Pie, blueberry, commercially prepared",1.8,10,34.9,28.35,1.0 oz,0.51,2.83,9.89
11013,"Asparagus, canned, regular pack, solids and liquids",1.8,0.18,2.48,122,0.5 cup,2.2,0.22,3.03
20134,"Rice noodles, cooked",1.79,0.2,24.01,176,1.0 cup,3.15,0.35,42.26
19181,"Candies, YORK BITES",1.78,7.32,81.64,39,15.0 pieces,0.69,2.85,31.84
11379,"Potatoes, mashed, dehydrated, prepared from flakes without milk, whole milk and butter added",1.77,5.13,10.87,210,1.0 cup,3.72,10.77,22.83
3992,"Infant formula, ABBOTT NUTRITION, SIMILAC, Expert Care, Diarrhea, ready- to- feed with ARA and DHA",1.76,3.6,6.67,30.4,1.0 fl oz,0.54,1.09,2.03
1076,"Milk substitutes, fluid, with lauric acid oil",1.75,3.41,6.16,244,1.0 cup,4.27,8.32,15.03
11259,"Mountain yam, hawaii, cooked, steamed, without salt",1.73,0.08,20,145,"1.0 cup, cubes",2.51,0.12,29
8091,"Cereals, corn grits, white, regular and quick, enriched, cooked with water, without salt",1.71,0.46,14.76,257,1.0 cup,4.39,1.18,37.93
11833,"Potatoes, boiled, cooked without skin, flesh, with salt",1.71,0.1,20.01,78,0.5 cup,1.33,0.08,15.61
8161,"Cereals, corn grits, white, regular and quick, enriched, cooked with water, with salt",1.71,0.46,14.76,257,1.0 cup,4.39,1.18,37.93
11367,"Potatoes, boiled, cooked without skin, flesh, without salt",1.71,0.1,20.01,78,0.5 cup,1.33,0.08,15.61
11280,"Okra, frozen, unprepared",1.69,0.25,6.63,95,0.33 package (10 oz),1.61,0.24,6.3
11547,"Tomato products, canned, puree, without salt added",1.65,0.21,8.98,250,1.0 cup,4.12,0.53,22.45
11888,"Tomato products, canned, puree, with salt added",1.65,0.21,8.98,250,1.0 cup,4.12,0.53,22.45
11281,"Okra, frozen, cooked, boiled, drained, without salt",1.63,0.24,6.41,92,0.5 cup slices,1.5,0.22,5.9
6956,"Soup, tomato, canned, condensed, reduced sodium",1.61,0.56,13.41,121,1.0 serving 1/2 cup,1.95,0.68,16.23
11080,"Beets, raw",1.61,0.17,9.56,136,1.0 cup,2.19,0.23,13
19076,"Candies, caramels, chocolate-flavor roll",1.59,3.31,87.73,6.6,1.0 piece,0.1,0.22,5.79
11117,"Cabbage, chinese (pak-choi), cooked, boiled, drained, without salt",1.56,0.16,1.78,170,"1.0 cup, shredded",2.65,0.27,3.03
11553,"Tomato products, canned, sauce, with onions",1.56,0.19,9.94,245,1.0 cup,3.82,0.47,24.35
11754,"Cabbage, chinese (pak-choi), cooked, boiled, drained, with salt",1.56,0.16,1.78,170,"1.0 cup, shredded",2.65,0.27,3.03
11567,"Turnips, frozen, cooked, boiled, drained, without salt",1.53,0.24,4.35,156,1.0 cup,2.39,0.37,6.79
9278,"Plantains, yellow, baked",1.52,0.16,41.37,139,1.0 cup,2.11,0.22,57.5
9167,"Loganberries, frozen",1.52,0.31,13.02,147,"1.0 cup, unthawed",2.23,0.46,19.14
19227,"Frostings, coconut-nut, ready-to-eat",1.5,24,52.7,38,0.08 package,0.57,9.12,20.03
9216,"Orange peel, raw",1.5,0.2,25,6,1.0 tbsp,0.09,0.01,1.5
11239,"Mushrooms, Chanterelle, raw",1.49,0.53,6.86,54,1.0 cup,0.8,0.29,3.7
11428,"Purslane, cooked, boiled, drained, without salt",1.49,0.19,3.55,115,1.0 cup,1.71,0.22,4.08
11061,"Beans, snap, green, frozen, cooked, boiled, drained without salt",1.49,0.17,6.45,135,1.0 cup,2.01,0.23,8.71
11869,"Squash, winter, hubbard, cooked, boiled, mashed, with salt",1.48,0.37,6.46,236,"1.0 cup, mashed",3.49,0.87,15.25
11491,"Squash, winter, hubbard, cooked, boiled, mashed, without salt",1.48,0.37,6.46,236,"1.0 cup, mashed",3.49,0.87,15.25
3989,"Infant Formula, GERBER GOOD START 2, GENTLE PLUS, ready-to-feed",1.44,3.34,7.61,30.4,1.0 fl oz,0.44,1.02,2.31
3990,"Infant formula, GERBER, GOOD START 2, PROTECT PLUS, ready-to-feed",1.44,3.37,7.39,30.4,1.0 fl oz,0.44,1.02,2.25
19234,"Puddings, tapioca, ready-to-eat, fat free",1.44,0.35,21.31,112,1.0 container refrigerated 4 oz,1.61,0.39,23.87
19409,"Frostings, glaze, chocolate, prepared-from-recipe, with butter, NFSMI Recipe No. C-32",1.42,7.17,72.18,33,2.0 tablespoon,0.47,2.37,23.82
3993,"Infant formula, ABBOTT NUTRITION, SIMILAC, For Spit Up, ready-to-feed, with ARA and DHA",1.4,3.54,7.19,30.4,1.0 fl oz,0.43,1.08,2.19
9083,"Currants, european black, raw",1.4,0.41,15.38,112,1.0 cup,1.57,0.46,17.23
11154,"Chicory roots, raw",1.4,0.2,17.51,60,1.0 root,0.84,0.12,10.51
9084,"Currants, red and white, raw",1.4,0.2,13.8,112,1.0 cup,1.57,0.22,15.46
6043,"Soup, cream of mushroom, canned, condensed",1.35,5.3,6.8,126,0.5 cup,1.7,6.68,8.57
11258,"Mountain yam, hawaii, raw",1.34,0.1,16.3,68,"0.5 cup, cubes",0.91,0.07,11.08
11559,"Tomato products, canned, sauce, with tomato tidbits",1.32,0.39,7.09,244,1.0 cup,3.22,0.95,17.3
9205,"Oranges, raw, with peel",1.3,0.3,15.5,170,1.0 cup,2.21,0.51,26.35
9277,"Plantains, yellow, raw",1.3,0.35,31.89,270,1.0 plantain,3.51,0.94,86.1
11647,"Sweet potato, canned, syrup pack, drained solids",1.28,0.32,25.36,196,1.0 cup,2.51,0.63,49.71
11474,"Squash, summer, crookneck and straightneck, frozen, cooked, boiled, drained, without salt",1.28,0.2,5.54,192,1.0 cup slices,2.46,0.38,10.64
11447,"Sesbania flower, raw",1.28,0.04,6.73,3,1.0 flower,0.04,0,0.2
11213,"Endive, raw",1.25,0.2,3.35,25,"0.5 cup, chopped",0.31,0.05,0.84
11488,"Squash, winter, butternut, frozen, cooked, boiled, without salt",1.23,0.07,10.05,240,"1.0 cup, mashed",2.95,0.17,24.12
8164,"Cereals, corn grits, yellow, regular and quick, enriched, cooked with water, without salt",1.23,0.39,13.86,233,1.0 cup,2.87,0.91,32.29
14086,"Beverages, V8 SPLASH Smoothies, Peach Mango",1.22,0,7.76,245,1.0 serving 8 oz,2.99,0,19.01
14087,"Beverages, V8 SPLASH Smoothies, Strawberry Banana",1.22,0,8.16,245,1.0 serving 8 oz,2.99,0,19.99
9033,"Apricots, dried, sulfured, stewed, without added sugar",1.2,0.18,22.15,250,"1.0 cup, halves",3,0.45,55.38
11119,"Cabbage, chinese (pe-tsai), raw",1.2,0.2,3.23,76,"1.0 cup, shredded",0.91,0.15,2.45
9048,"Blackberries, frozen, unsweetened",1.18,0.43,15.67,151,"1.0 cup, unthawed",1.78,0.65,23.66
12116,"Nuts, coconut cream, canned, sweetened",1.17,16.31,53.21,19,1.0 tbsp,0.22,3.1,10.11
9148,"Kiwifruit, green, raw",1.14,0.52,14.66,180,"1.0 cup, sliced",2.05,0.94,26.39
11478,"Squash, summer, zucchini, includes skin, cooked, boiled, drained, without salt",1.14,0.36,2.69,180,"1.0 cup, sliced",2.05,0.65,4.84
11569,"Turnip greens, cooked, boiled, drained, without salt",1.14,0.23,4.36,144,"1.0 cup, chopped",1.64,0.33,6.28
6456,"Soup, cream of shrimp, canned, prepared with equal volume water",1.11,2.07,3.27,244,1.0 cup,2.71,5.05,7.98
4026,"Salad dressing, mayonnaise, soybean and safflower oil, with salt",1.1,79.4,2.7,13.8,1.0 tablespoon,0.15,10.96,0.37
11282,"Onions, raw",1.1,0.1,9.34,160,"1.0 cup, chopped",1.76,0.16,14.94
9057,"Boysenberries, frozen, unsweetened",1.1,0.26,12.19,132,"1.0 cup, unthawed",1.45,0.34,16.09
9059,"Breadfruit, raw",1.07,0.23,27.12,220,1.0 cup,2.35,0.51,59.66
9070,"Cherries, sweet, raw",1.06,0.2,16.01,138,"1.0 cup, with pits, yields",1.46,0.28,22.09
9201,"Oranges, raw, California, valencias",1.04,0.3,11.89,180,"1.0 cup sections, without membranes",1.87,0.54,21.4
9060,"Carambola, (starfruit), raw",1.04,0.33,6.73,132,"1.0 cup, cubes",1.37,0.44,8.88
11481,"Squash, summer, zucchini, italian style, canned",1.03,0.11,6.85,227,1.0 cup,2.34,0.25,15.55
9195,"Olives, pickled, canned or bottled, green",1.03,15.32,3.84,2.7,1.0 olive,0.03,0.41,0.1
1068,"Cream substitute, liquid, with lauric acid oil and sodium caseinate",1,9.97,11.38,15,"1.0 container, individual",0.15,1.5,1.71
11024,"Balsam-pear (bitter gourd), pods, raw",1,0.17,3.7,93,1.0 cup (1/2 pieces),0.93,0.16,3.44
9056,"Boysenberries, canned, heavy syrup",0.99,0.12,22.31,256,1.0 cup,2.53,0.31,57.11
21416,"POPEYES, Coleslaw",0.98,11.18,14.12,120,1.0 package,1.18,13.42,16.94
1072,"Dessert topping, pressurized",0.98,22.3,16.07,70,1.0 cup,0.69,15.61,11.25
4025,"Salad dressing, mayonnaise, regular",0.96,74.85,0.57,13.8,1.0 tbsp,0.13,10.33,0.08
11557,"Tomato products, canned, sauce, with onions, green peppers, and celery",0.94,0.74,8.77,250,1.0 cup,2.35,1.85,21.93
11124,"Carrots, raw",0.93,0.24,9.58,128,1.0 cup chopped,1.19,0.31,12.26
11578,"Vegetable juice cocktail, canned",0.93,0.31,3.87,253,1.0 cup,2.35,0.78,9.79
9068,"Cherries, sour, red, frozen, unsweetened (Includes foods for USDA's Food Distribution Program)",0.92,0.44,11.02,155,"1.0 cup, unthawed",1.43,0.68,17.08
9260,"Pears, dried, sulfured, stewed, without added sugar",0.91,0.31,33.81,255,"1.0 cup, halves",2.32,0.79,86.22
11533,"Tomatoes, red, ripe, canned, stewed",0.91,0.19,6.19,255,1.0 cup,2.32,0.48,15.78
8168,"Cereals, CREAM OF RICE, cooked with water, with salt",0.9,0.1,11.5,244,1.0 cup,2.2,0.24,28.06
9081,"Cranberry sauce, canned, sweetened",0.9,0.15,40.4,277,1.0 cup,2.49,0.42,111.91
11151,"Chicory, witloof, raw",0.9,0.1,4,53,1.0 head,0.48,0.05,2.12
11486,"Squash, winter, butternut, cooked, baked, without salt",0.9,0.09,10.49,205,"1.0 cup, cubes",1.84,0.18,21.5
11289,"Onions, frozen, whole, unprepared",0.89,0.06,8.45,95,0.33 package (10 oz),0.85,0.06,8.03
9107,"Gooseberries, raw",0.88,0.58,10.18,150,1.0 cup,1.32,0.87,15.27
11886,"Tomato juice, canned, without salt added",0.85,0.29,3.53,243,1.0 cup,2.07,0.7,8.58
11540,"Tomato juice, canned, with salt added",0.85,0.29,3.53,243,1.0 cup,2.07,0.7,8.58
1001,"Butter, salted",0.85,81.11,0.06,5,"1.0 pat (1 sq, 1/3 high)",0.04,4.06,0
9193,"Olives, ripe, canned (small-extra large)",0.84,10.9,6.04,8.4,1.0 tbsp,0.07,0.92,0.51
11144,"Celery, cooked, boiled, drained, without salt",0.83,0.16,4,150,"1.0 cup, diced",1.25,0.24,6
9164,"Litchis, raw",0.83,0.44,16.53,190,1.0 cup,1.58,0.84,31.41
4023,"Salad dressing, thousand island dressing, reduced fat",0.83,11.32,24.06,15,1.0 tablespoon,0.12,1.7,3.61
9176,"Mangos, raw",0.82,0.38,14.98,165,1.0 cup pieces,1.35,0.63,24.72
9218,"Tangerines, (mandarin oranges), raw",0.81,0.31,13.34,195,"1.0 cup, sections",1.58,0.6,26.01
9129,"Grapes, muscadine, raw",0.81,0.47,13.93,6,1.0 grape,0.05,0.03,0.84
11247,"Leeks, (bulb and lower leaf-portion), cooked, boiled, drained, without salt",0.81,0.2,7.62,124,1.0 leek,1,0.25,9.45
11294,"Onions, sweet, raw",0.8,0.08,7.55,148,1.0 NLEA serving,1.18,0.12,11.17
11531,"Tomatoes, red, ripe, canned, packed in tomato juice",0.79,0.25,3.47,240,1.0 cup,1.9,0.6,8.33
11287,"Onions, frozen, chopped, unprepared",0.79,0.1,6.82,95,0.33 package (10 oz),0.75,0.1,6.48
11130,"Carrots, frozen, unprepared (Includes foods for USDA's Food Distribution Program)",0.78,0.46,7.9,64,0.5 cup slices,0.5,0.29,5.06
11288,"Onions, frozen, chopped, cooked, boiled, drained, without salt",0.77,0.1,6.59,15,1.0 tbsp chopped,0.12,0.01,0.99
9112,"Grapefruit, raw, pink and red, all areas",0.77,0.14,10.66,230,"1.0 cup sections, with juice",1.77,0.32,24.52
9071,"Cherries, sweet, canned, water pack, solids and liquids",0.77,0.13,11.76,248,"1.0 cup, pitted",1.91,0.32,29.16
9089,"Figs, raw",0.75,0.3,19.18,64,1.0 large (2-1/2 dia),0.48,0.19,12.28
9065,"Cherries, sour, red, canned, light syrup pack, solids and liquids",0.74,0.1,19.3,252,1.0 cup,1.86,0.25,48.64
11082,"Beets, canned, regular pack, solids and liquids",0.73,0.09,7.14,246,1.0 cup,1.8,0.22,17.56
11290,"Onions, frozen, whole, cooked, boiled, drained, without salt",0.71,0.05,6.7,210,1.0 cup,1.49,0.1,14.07
9120,"Grapefruit, sections, canned, juice pack, solids and liquids",0.7,0.09,9.21,249,1.0 cup,1.74,0.22,22.93
11122,"Cardoon, raw",0.7,0.1,4.07,178,"1.0 cup, shredded",1.25,0.18,7.24
9211,"Orange juice, chilled, includes from concentrate, with added calcium",0.68,0.12,11.27,249,1.0 cup,1.69,0.3,28.06
11429,"Radishes, raw",0.68,0.1,3.4,116,1.0 cup slices,0.79,0.12,3.94
9210,"Orange juice, chilled, includes from concentrate, with added calcium and vitamin D",0.68,0.12,11.27,249,1.0 cup,1.69,0.3,28.06
6410,"Soup, cream of celery, canned, prepared with equal volume water",0.68,2.29,3.62,248,1.0 cup,1.69,5.68,8.98
11484,"Squash, winter, acorn, cooked, boiled, mashed, without salt",0.67,0.08,8.79,245,"1.0 cup, mashed",1.64,0.2,21.54
11865,"Squash, winter, acorn, cooked, boiled, mashed, with salt",0.67,0.08,8.79,245,"1.0 cup, mashed",1.64,0.2,21.54
4018,"Salad dressing, mayonnaise type, regular, with salt",0.65,21.6,14.78,14.7,1.0 tbsp,0.1,3.18,2.17
11128,"Carrots, canned, regular pack, drained solids",0.64,0.19,5.54,146,"1.0 cup, sliced",0.93,0.28,8.09
9357,"Apricots, canned, heavy syrup, drained",0.64,0.11,21.31,219,"1.0 cup, halves",1.4,0.24,46.67
14054,"Beverages, almond milk, chocolate, ready-to-drink",0.63,1.25,9.38,240,8.0 fl oz,1.51,3,22.51
9131,"Grapes, american type (slip skin), raw",0.63,0.35,17.15,92,1.0 cup,0.58,0.32,15.78
9118,"Grapefruit, raw, white, Florida",0.63,0.1,8.19,230,"1.0 cup sections, with juice",1.45,0.23,18.84
11218,"Gourd, white-flowered (calabash), raw",0.62,0.02,3.39,58,0.5 cup (1 pieces),0.36,0.01,1.97
14015,"Alcoholic beverage, pina colada, canned",0.6,7.6,27.6,32.6,1.0 fl oz,0.2,2.48,9
11758,"Carrots, canned, no salt added, solids and liquids",0.59,0.14,5.36,123,0.5 cup slices,0.73,0.17,6.59
9263,"Persimmons, japanese, raw",0.58,0.19,18.59,168,1.0 fruit (2-1/2 dia),0.97,0.32,31.23
9124,"Grapefruit juice, white, canned, sweetened",0.58,0.09,11.13,250,1.0 cup,1.45,0.23,27.82
9119,"Grapefruit, sections, canned, water pack, solids and liquids",0.58,0.1,9.15,244,1.0 cup,1.42,0.24,22.33
9353,"Blueberries, wild, canned, heavy syrup, drained",0.56,0.34,28.32,319,1.0 cup,1.79,1.08,90.34
9027,"Apricots, canned, heavy syrup pack, with skin, solids and liquids",0.53,0.08,21.47,258,"1.0 cup, halves",1.37,0.21,55.39
4022,"Salad dressing, russian dressing, low calorie",0.5,4,27.6,16,1.0 tablespoon,0.08,0.64,4.42
9061,"Carissa, (natal-plum), raw",0.5,1.3,13.63,150,1.0 cup slices,0.75,1.95,20.45
9133,"Grapes, canned, thompson seedless, water pack, solids and liquids",0.5,0.11,10.3,245,1.0 cup,1.23,0.27,25.23
9242,"Peaches, canned, extra heavy syrup pack, solids and liquids",0.47,0.03,26.06,262,"1.0 cup, halves or slices",1.23,0.08,68.28
9226,"Papayas, raw",0.47,0.26,10.82,145,1.0 cup 1 pieces,0.68,0.38,15.69
9240,"Peaches, canned, light syrup pack, solids and liquids",0.45,0.03,14.55,251,"1.0 cup, halves or slices",1.13,0.08,36.52
9237,"Peaches, canned, water pack, solids and liquids",0.44,0.06,6.11,244,"1.0 cup, halves or slices",1.07,0.15,14.91
9160,"Lime juice, raw",0.42,0.07,8.42,242,1.0 cup,1.02,0.17,20.38
14016,"Beverages, almond milk, sweetened, vanilla flavor, ready-to-drink",0.42,1.04,6.59,240,8.0 fl oz,1.01,2.5,15.82
14620,"Beverages, V8 V-FUSION Juices, Peach Mango",0.41,0,11.38,246,1.0 serving 8 oz,1.01,0,27.99
19156,"Candies, MARS SNACKFOOD US, STARBURST Fruit Chews, Original fruits",0.41,8.21,82.57,40,1.0 serving fun size (8 chews),0.16,3.28,33.03
9055,"Blueberries, frozen, sweetened",0.4,0.13,21.95,230,"1.0 cup, thawed",0.92,0.3,50.48
9098,"Fruit cocktail, (peach and pineapple and pear and grape and cherry), canned, extra light syrup, solids and liquids",0.4,0.07,11.63,123,0.5 cup,0.49,0.09,14.3
14426,"Beverages, Orange drink, breakfast type, with juice and pulp, frozen concentrate",0.4,0,39,36.3,1.0 fl oz,0.15,0,14.16
9090,"Figs, canned, water pack, solids and liquids",0.4,0.1,13.99,248,1.0 cup,0.99,0.25,34.7
9100,"Fruit cocktail, (peach and pineapple and pear and grape and cherry), canned, heavy syrup, solids and liquids",0.39,0.07,18.91,248,1.0 cup,0.97,0.17,46.9
9252,"Pears, raw",0.36,0.14,15.23,140,"1.0 cup, slices",0.5,0.2,21.32
9102,"Fruit salad, (peach and pear and apricot and pineapple and cherry), canned, water pack, solids and liquids",0.35,0.07,7.87,245,1.0 cup,0.86,0.17,19.28
9152,"Lemon juice, raw",0.35,0.24,6.9,244,1.0 cup,0.85,0.59,16.84
4585,"Margarine-like, margarine-butter blend, soybean oil and butter",0.31,80.32,0.77,14.1,1.0 tbsp,0.04,11.33,0.11
4027,"Salad dressing, mayonnaise, imitation, soybean",0.3,19.2,16,15,1.0 tbsp,0.04,2.88,2.4
9043,"Blackberry juice, canned",0.3,0.6,7.8,250,1.0 cup,0.75,1.5,19.5
19710,"Puddings, vanilla, dry mix, regular, with added oil",0.3,1.1,92.4,88,1.0 package (3.12 oz),0.26,0.97,81.31
14019,"Alcoholic beverage, tequila sunrise, canned",0.3,0.1,11.3,31.1,1.0 fl oz,0.09,0.03,3.51
11563,"Tree fern, cooked, without salt",0.29,0.07,10.98,71,"0.5 cup, chopped",0.21,0.05,7.8
9014,"Apples, frozen, unsweetened, unheated (Includes foods for USDA's Food Distribution Program)",0.28,0.32,12.31,173,1.0 cup slices,0.48,0.55,21.3
9004,"Apples, raw, without skin",0.27,0.13,12.76,110,1.0 cup slices,0.3,0.14,14.04
14630,"Beverages, Energy drink, ROCKSTAR, sugar free",0.25,0.08,0.7,240,8.0 fl oz,0.6,0.19,1.68
14007,"Alcoholic beverage, beer, light, BUD LIGHT",0.25,0,1.3,29.5,1.0 fl oz,0.07,0,0.38
4013,"Salad dressing, KRAFT Mayo Fat Free Mayonnaise Dressing",0.2,0,15.8,16,1.0 tbsp,0.03,0,2.53
14240,"Beverages, cranberry-apricot juice drink, bottled",0.2,0,16.2,30.6,1.0 fl oz,0.06,0,4.96
14241,"Beverages, cranberry-grape juice drink, bottled",0.2,0.1,14,30.6,1.0 fl oz,0.06,0.03,4.28
9256,"Pears, canned, light syrup pack, solids and liquids",0.19,0.03,15.17,251,"1.0 cup, halves",0.48,0.08,38.08
9020,"Applesauce, canned, sweetened, without salt",0.16,0.17,17.49,246,1.0 cup,0.39,0.42,43.03
9442,"Pomegranate juice, bottled",0.15,0.29,13.13,249,1.0 cup,0.37,0.72,32.69
9228,"Papaya, canned, heavy syrup, drained",0.14,0.55,55.83,39,1.0 piece,0.05,0.21,21.77
14416,"Beverages, carbonated, low calorie, cola or pepper-type, with aspartame, contains caffeine",0.11,0.03,0.29,29.6,1.0 fl oz,0.03,0.01,0.09
14237,"Beverages, coffee substitute, cereal grain beverage, prepared with water",0.1,0.04,1.3,30.1,1.0 fl oz,0.03,0.01,0.39
14151,"Beverages, carbonated, low calorie, other than cola or pepper, with aspartame, contains caffeine",0.1,0,--,29.6,1.0 fl oz,0.03,0,--
14534,"Alcoholic beverage, liqueur, coffee, 63 proof",0.1,0.3,32.2,34.8,1.0 fl oz,0.03,0.1,11.21
19708,"Puddings, lemon, dry mix, regular, with added oil, potassium, sodium",0.1,1.5,90.3,85,1.0 package (3 oz),0.09,1.27,76.75
19014,"Snacks, fruit leather, rolls",0.1,3,85.8,21,1.0 large,0.02,0.63,18.02
14028,"Beverages, Whiskey sour mix, bottled",0.1,--,21.4,32.3,1.0 fl oz,0.03,--,6.91
4133,"Salad dressing, french, home recipe",0.1,70.2,3.4,14,1.0 tablespoon,0.01,9.83,0.48
19709,"Puddings, tapioca, dry mix, with no added salt",0.1,--,94.3,92,1.0 package (3.5 oz),0.09,--,86.76
14530,"Whiskey sour mix, bottled, with added potassium and sodium",0.1,--,21.4,32.3,1.0 fl oz,0.03,--,6.91
9437,"Tamarind nectar, canned",0.09,0.12,14.73,251,1.0 cup,0.23,0.3,36.97
14098,"Alcoholic Beverage, wine, table, red, Cabernet Franc",0.07,0,2.45,29.4,1.0 fl oz,0.02,0,0.72
14138,"Alcoholic beverage, wine, table, white, Pinot Blanc",0.07,0,1.94,29.3,1.0 fl oz,0.02,0,0.57
14126,"Alcoholic beverage, wine, table, white, Semillon",0.07,0,3.12,29.5,1.0 fl oz,0.02,0,0.92
14107,"Alcoholic Beverage, wine, table, red, Lemberger",0.07,0,2.46,29.4,1.0 fl oz,0.02,0,0.72
14103,"Alcoholic Beverage, wine, table, red, Petite Sirah",0.07,0,2.68,29.5,1.0 fl oz,0.02,0,0.79
14160,"Alcoholic beverage, wine, table, white, Chardonnay",0.07,0,2.16,29.3,1.0 fl oz,0.02,0,0.63
14140,"Alcoholic beverage, wine, table, white, Muscat",0.07,0,5.23,30,1.0 fl oz,0.02,0,1.57
14132,"Alcoholic beverage, wine, table, white, Riesling",0.07,0,3.74,29.6,1.0 fl oz,0.02,0,1.11
14116,"Alcoholic beverage, wine, table, white, Chenin Blanc",0.07,0,3.31,29.5,1.0 fl oz,0.02,0,0.98
14105,"Alcoholic Beverage, wine, table, red, Claret",0.07,0,3.01,29.4,1.0 fl oz,0.02,0,0.88
14097,"Alcoholic Beverage, wine, table, red, Cabernet Sauvignon",0.07,0,2.6,29.4,1.0 fl oz,0.02,0,0.76
14134,"Alcoholic beverage, wine, table, white, Sauvignon Blanc",0.07,0,2.05,29.3,1.0 fl oz,0.02,0,0.6
14106,"Alcoholic beverage, wine, table, white",0.07,0,2.6,29.4,1.0 fl oz,0.02,0,0.76
2050,Vanilla extract,0.06,--,12.65,4.2,1.0 tsp,0,--,0.53
4053,"Oil, olive, salad or cooking",0,100,--,13.5,1.0 tablespoon,0,13.5,--
19706,"Puddings, banana, dry mix, regular, with added oil",0,5,88.4,88,1.0 package (3.12 oz),0,4.4,77.79
19918,"Sweetener, herbal extract powder from Stevia leaf",0,--,100,1,1.0 package,0,--,1
14009,"Alcoholic beverage, daiquiri, canned",0,--,15.7,30.5,1.0 fl oz,0,--,4.79
14614,"Beverages, V8 SPLASH Juice Drinks, Mango Peach",0,--,8.23,243,1.0 serving 8 oz,0,--,20
19129,"Syrups, table blends, pancake",0,--,61.47,314,1.0 cup,0,--,193.02
4582,"Oil, canola",0,100,--,14,1.0 tbsp,0,14,--
19873,"Frozen novelties, ice type, sugar free, orange, cherry, and grape POPSICLE pops",0,--,5.14,55,1.0 serving 1.75 fl oz pop,0,--,2.83
14439,"Water, bottled, non-carbonated, NAYA",0,--,--,29.6,1.0 fl oz,0,--,--
19187,"Flan, caramel custard, dry mix",0,--,91.6,85,1.0 package (3 oz),0,--,77.86
14027,"Alcoholic beverage, whiskey sour, canned",0,--,13.4,30.8,1.0 fl oz,0,--,4.13
4510,"Oil, safflower, salad or cooking, linoleic, (over 70%)",0,100,--,13.6,1.0 tbsp,0,13.6,--
19720,"Syrups, table blends, pancake, with 2% maple, with added potassium",0,0.1,69.6,315,1.0 cup,0,0.32,219.24
4058,"Oil, sesame, salad or cooking",0,100,--,13.6,1.0 tablespoon,0,13.6,--
19906,"Sweeteners, for baking, brown, contains sugar and sucralose",0,--,97.11,12.9,1.0 tbsp,0,--,12.53
14065,"Beverages, The COCA-COLA company, Hi-C Flashin' Fruit Punch",0,--,12.5,200,6.0 fl oz,0,--,25
14559,"Beverages, water, bottled, non-carbonated, EVIAN",0,--,--,29.6,1.0 fl oz,0,--,--
4583,"Oil, mustard",0,100,--,14,1.0 tbsp,0,14,--
14462,"Beverages, Propel Zero, fruit-flavored, non-carbonated",0,--,1.14,29.6,1.0 fl oz,0,--,0.34
4543,"Oil, soybean, salad or cooking, (partially hydrogenated) and cottonseed",0,100,--,13.6,1.0 tablespoon,0,13.6,--
14628,"Beverages, Energy drink, AMP, sugar free",0,--,1.03,240,8.0 fl oz,0,--,2.47
14149,"Beverages, carbonated, reduced sugar, cola, contains caffeine and sweeteners",0,--,5.16,29.6,1.0 fl oz,0,--,1.53
14610,"Beverages, V8 SPLASH Juice Drinks, Diet Tropical Blend",0,--,1.26,238,1.0 serving 8 oz,0,--,3
4584,"Oil, sunflower, high oleic (70% and over)",0,100,--,14,1.0 tbsp,0,14,--
14030,"Beverages, THE COCA-COLA COMPANY, NOS energy drink, Original, grape, loaded cherry, charged citrus, fortified with vitamins B6 and B12",0,--,11.25,480,16.0 fl oz,0,--,54
4546,"Shortening bread, soybean (hydrogenated) and cottonseed",0,100,--,12.8,1.0 tablespoon,0,12.8,--
14121,"Beverages, carbonated, club soda",0,--,--,29.6,1.0 fl oz,0,--,--
4001,"Fat, beef tallow",0,100,--,12.8,1.0 tbsp,0,12.8,--
14437,"Beverages, water, bottled, non-carbonated, CALISTOGA",0,--,--,29.6,1.0 fl oz,0,--,--
4501,"Oil, cocoa butter",0,100,--,13.6,1.0 tablespoon,0,13.6,--